_id,timestamp,ue_id,cellid,in_sync,rnti,dlBytes,dlMcs,dlBler,ulBytes,ulMcs,ulBler,ri,pmi,phr,pcmax,rsrq,sinr,rsrp,rssi,cqi,pucchSnr,puschSnr,dlQm,ulQm
6943ef7f35996ea66e71961d,1766059902.100000,7,12345678,1,de0f,9612,0,0.0,28614,1,0.0,2,"(0,1)",54,6,-10.5,23.5,-63,-55.3,14,20.0,36.5,2,2
6943ef7f35996ea66e71961e,1766059902.150000,7,12345678,1,de0f,9612,0,0.0,28614,1,0.0,2,"(0,1)",54,6,-10.5,23.5,-63,-55.3,14,20.0,36.5,2,2
6943ef7f35996ea66e71961f,1766059902.200000,7,12345678,1,de0f,9612,0,0.0,28632,0,0.0,2,"(0,1)",54,6,-10.5,23.5,-63,-56.0,14,20.0,35.5,2,2
6943ef7f35996ea66e719620,1766059902.250000,7,12345678,1,de0f,9612,0,0.0,28632,0,0.0,2,"(0,1)",54,6,-10.5,23.5,-63,-56.0,14,20.0,35.5,2,2
6943ef7f35996ea66e719621,1766059902.300000,7,12345678,1,de0f,9612,0,0.0,28650,0,0.0,2,"(0,1)",54,6,-10.5,23.5,-63,-57.6,14,20.0,34.5,2,2
6943ef7f35996ea66e719622,1766059902.350000,7,12345678,1,de0f,9612,0,0.0,28650,0,0.0,2,"(0,1)",54,6,-10.5,23.5,-63,-57.6,14,20.0,34.5,2,2
6943ef7f35996ea66e719623,1766059902.400000,7,12345678,1,de0f,9612,0,0.0,28668,0,0.0,2,"(0,1)",54,6,-10.5,23.5,-63,-58.3,14,20.0,33.5,2,2
6943ef7f35996ea66e719624,1766059902.450000,7,12345678,1,de0f,9612,0,0.0,28668,0,0.0,2,"(0,1)",54,6,-10.5,23.5,-63,-58.3,14,20.0,33.5,2,2
6943ef7f35996ea66e719625,1766059902.500000,7,12345678,1,de0f,9612,0,0.0,28686,0,0.0,2,"(0,1)",54,6,-10.5,23.5,-63,-58.3,14,20.0,33.5,2,2
6943ef7f35996ea66e719626,1766059902.550000,7,12345678,1,de0f,9612,0,0.0,28686,0,0.0,2,"(0,1)",54,6,-10.5,23.5,-63,-58.3,14,20.0,33.5,2,2
6943ef7f35996ea66e719627,1766059902.600000,7,12345678,1,de0f,9612,0,0.0,28704,0,0.0,2,"(0,1)",54,6,-10.5,23.5,-63,-58.3,14,20.0,33.5,2,2
6943ef7f35996ea66e719628,1766059902.650000,7,12345678,1,de0f,9612,0,0.0,28704,0,0.0,2,"(0,1)",54,6,-10.5,23.5,-63,-58.3,14,20.0,33.5,2,2
6943ef7f35996ea66e719629,1766059902.700000,7,12345678,1,de0f,9612,0,0.0,28722,0,0.0,2,"(0,1)",54,6,-10.5,23.5,-63,-58.3,14,20.0,33.5,2,2
6943ef7f35996ea66e71962a,1766059902.750000,7,12345678,1,de0f,9654,0,0.0,28722,0,0.0,2,"(0,1)",54,6,-10.5,23.5,-63,-58.3,14,19.0,33.5,2,2
6943ef7f35996ea66e71962b,1766059902.800000,7,12345678,1,de0f,9654,0,0.0,28740,0,0.0,2,"(0,1)",54,6,-10.5,23.5,-63,-58.3,14,19.0,33.5,2,2
6943ef7f35996ea66e71962c,1766059902.850000,7,12345678,1,de0f,9654,0,0.0,28740,0,0.0,2,"(0,1)",54,6,-10.5,23.5,-63,-58.3,14,19.0,33.5,2,2
6943ef7f35996ea66e71962d,1766059902.900000,7,12345678,1,de0f,9654,0,0.0,28758,0,0.0,2,"(0,1)",54,6,-10.5,23.5,-63,-58.3,14,19.0,33.5,2,2
6943ef7f35996ea66e71962e,1766059902.950000,7,12345678,1,de0f,9654,0,0.0,28758,0,0.0,2,"(0,1)",54,6,-10.5,23.5,-63,-58.3,14,19.0,33.5,2,2
6943ef8035996ea66e7196d8,1766059903.000000,7,12345678,1,de0f,9654,0,0.0,28776,0,0.0,2,"(0,1)",54,6,-10.5,23.5,-63,-58.3,14,19.0,33.5,2,2
6943ef8035996ea66e7196d9,1766059903.050000,7,12345678,1,de0f,9696,0,0.0,28830,0,0.0,2,"(0,1)",54,6,-10.5,23.5,-63,-55.6,14,19.0,15.5,2,2
6943ef8035996ea66e7196da,1766059903.100000,7,12345678,1,de0f,9696,0,0.0,28830,0,0.0,2,"(0,1)",54,6,-10.5,23.5,-63,-55.6,14,19.0,15.5,2,2
6943ef8035996ea66e7196db,1766059903.150000,7,12345678,1,de0f,9696,0,0.0,28854,1,0.0,2,"(0,1)",54,6,-10.5,23.5,-63,-54.9,14,19.0,36.5,2,2
6943ef8035996ea66e7196dc,1766059903.200000,7,12345678,1,de0f,9696,0,0.0,28854,1,0.0,2,"(0,1)",54,6,-10.5,23.5,-63,-54.9,14,19.0,36.5,2,2
6943ef8035996ea66e7196dd,1766059903.250000,7,12345678,1,de0f,9696,0,0.0,28872,0,0.0,2,"(0,1)",54,6,-10.5,23.5,-63,-56.0,14,19.0,35.5,2,2
6943ef8035996ea66e7196de,1766059903.300000,7,12345678,1,de0f,9696,0,0.0,28872,0,0.0,2,"(0,1)",54,6,-10.5,23.5,-63,-56.0,14,19.0,35.5,2,2
6943ef8035996ea66e7196df,1766059903.350000,7,12345678,1,de0f,9696,0,0.0,28890,0,0.0,2,"(0,1)",54,6,-10.5,23.5,-63,-57.0,14,19.0,34.5,2,2
6943ef8035996ea66e7196e0,1766059903.400000,7,12345678,1,de0f,9696,0,0.0,28890,0,0.0,2,"(0,1)",54,6,-10.5,23.5,-63,-57.0,14,19.0,34.5,2,2
6943ef8035996ea66e7196e1,1766059903.450000,7,12345678,1,de0f,9696,0,0.0,28908,0,0.0,2,"(0,1)",54,6,-10.5,23.5,-63,-58.3,14,19.0,33.5,2,2
6943ef8035996ea66e7196e2,1766059903.500000,7,12345678,1,de0f,9696,0,0.0,28908,0,0.0,2,"(0,1)",54,6,-10.5,23.5,-63,-58.3,14,19.0,33.5,2,2
6943ef8035996ea66e7196e3,1766059903.550000,7,12345678,1,de0f,9696,0,0.0,28926,0,0.0,2,"(0,1)",54,6,-10.5,23.5,-63,-58.3,14,19.0,33.5,2,2
6943ef8035996ea66e7196e4,1766059903.600000,7,12345678,1,de0f,9696,0,0.0,28926,0,0.0,2,"(0,1)",54,6,-10.5,23.5,-63,-58.3,14,19.0,33.5,2,2
6943ef8035996ea66e7196e5,1766059903.650000,7,12345678,1,de0f,9696,0,0.0,28944,0,0.0,2,"(0,1)",54,6,-10.5,23.5,-63,-58.3,14,19.0,33.5,2,2
6943ef8035996ea66e7196e6,1766059903.700000,7,12345678,1,de0f,9696,0,0.0,28944,0,0.0,2,"(0,1)",54,6,-10.5,23.5,-63,-58.3,14,19.0,33.5,2,2
6943ef8035996ea66e7196e7,1766059903.750000,7,12345678,1,de0f,9738,0,0.0,28962,0,0.0,2,"(0,1)",54,6,-10.5,23.5,-63,-58.3,14,19.0,33.5,2,2
6943ef8035996ea66e7196e8,1766059903.800000,7,12345678,1,de0f,9738,0,0.0,28962,0,0.0,2,"(0,1)",54,6,-10.5,23.5,-63,-58.3,14,19.0,33.5,2,2
6943ef8035996ea66e7196e9,1766059903.850000,7,12345678,1,de0f,9738,0,0.0,28980,0,0.0,2,"(0,1)",54,6,-10.5,23.5,-63,-58.3,14,19.0,33.5,2,2
6943ef8035996ea66e7196ea,1766059903.900000,7,12345678,1,de0f,9738,0,0.0,28980,0,0.0,2,"(0,1)",54,6,-10.5,23.5,-63,-58.3,14,19.0,33.5,2,2
6943ef8035996ea66e7196eb,1766059903.950000,7,12345678,1,de0f,9738,0,0.0,28998,0,0.0,2,"(0,1)",54,6,-10.5,23.5,-63,-58.3,14,19.0,33.5,2,2
6943ef8035996ea66e7196ec,1766059904.000000,7,12345678,1,de0f,9738,0,0.0,28998,0,0.0,2,"(0,1)",54,6,-10.5,23.5,-63,-58.3,14,19.0,33.5,2,2
6943ef8035996ea66e7196ed,1766059904.050000,7,12345678,1,de0f,9780,0,0.0,29070,0,0.0,2,"(0,1)",54,6,-10.5,23.5,-62,-55.6,14,19.0,15.5,2,2
6943ef8135996ea66e71979c,1766059904.100000,7,12345678,1,de0f,9780,0,0.0,29070,0,0.0,2,"(0,1)",54,6,-10.5,23.5,-62,-55.6,14,19.0,15.5,2,2
6943ef8135996ea66e71979d,1766059904.150000,7,12345678,1,de0f,9780,0,0.0,29094,1,0.0,2,"(0,1)",54,6,-10.5,23.5,-62,-55.3,14,19.0,36.5,2,2
6943ef8135996ea66e71979e,1766059904.200000,7,12345678,1,de0f,9780,0,0.0,29094,1,0.0,2,"(0,1)",54,6,-10.5,23.5,-62,-55.3,14,19.0,36.5,2,2
6943ef8135996ea66e71979f,1766059904.250000,7,12345678,1,de0f,9780,0,0.0,29112,0,0.0,2,"(0,1)",54,6,-10.5,23.5,-62,-56.0,14,19.0,35.5,2,2
6943ef8135996ea66e7197a0,1766059904.300000,7,12345678,1,de0f,9780,0,0.0,29112,0,0.0,2,"(0,1)",54,6,-10.5,23.5,-62,-56.0,14,19.0,35.5,2,2
6943ef8135996ea66e7197a1,1766059904.350000,7,12345678,1,de0f,9780,0,0.0,29130,0,0.0,2,"(0,1)",54,6,-10.5,23.5,-62,-57.0,14,19.0,34.5,2,2
6943ef8135996ea66e7197a2,1766059904.400000,7,12345678,1,de0f,9780,0,0.0,29130,0,0.0,2,"(0,1)",54,6,-10.5,23.5,-62,-57.0,14,19.0,34.5,2,2
6943ef8135996ea66e7197a3,1766059904.450000,7,12345678,1,de0f,9780,0,0.0,29148,0,0.0,2,"(0,1)",54,6,-10.5,23.5,-62,-58.3,14,19.0,33.5,2,2
6943ef8135996ea66e7197a4,1766059904.500000,7,12345678,1,de0f,9780,0,0.0,29148,0,0.0,2,"(0,1)",54,6,-10.5,23.5,-62,-58.3,14,19.0,33.5,2,2
6943ef8135996ea66e7197a5,1766059904.550000,7,12345678,1,de0f,9780,0,0.0,29166,0,0.0,2,"(0,1)",54,6,-10.5,23.5,-62,-58.3,14,19.0,33.5,2,2
6943ef8135996ea66e7197a6,1766059904.600000,7,12345678,1,de0f,9780,0,0.0,29166,0,0.0,2,"(0,1)",54,6,-10.5,23.5,-62,-58.3,14,19.0,33.5,2,2
6943ef8135996ea66e7197a7,1766059904.650000,7,12345678,1,de0f,9780,0,0.0,29184,0,0.0,2,"(0,1)",54,6,-10.5,23.5,-62,-58.3,14,19.0,33.5,2,2
6943ef8135996ea66e7197a8,1766059904.700000,7,12345678,1,de0f,9780,0,0.0,29184,0,0.0,2,"(0,1)",54,6,-10.5,23.5,-62,-58.3,14,19.0,33.5,2,2
6943ef8135996ea66e7197a9,1766059904.750000,7,12345678,1,de0f,9822,0,0.0,29202,0,0.0,2,"(0,1)",54,6,-10.5,23.5,-62,-58.3,14,19.0,33.5,2,2
6943ef8135996ea66e7197aa,1766059904.800000,7,12345678,1,de0f,9822,0,0.0,29202,0,0.0,2,"(0,1)",54,6,-10.5,23.5,-62,-58.3,14,19.0,33.5,2,2
6943ef8135996ea66e7197ab,1766059904.850000,7,12345678,1,de0f,9822,0,0.0,29220,0,0.0,2,"(0,1)",54,6,-10.5,23.5,-62,-58.3,14,19.0,33.5,2,2
6943ef8135996ea66e7197ac,1766059904.900000,7,12345678,1,de0f,9822,0,0.0,29220,0,0.0,2,"(0,1)",54,6,-10.5,23.5,-62,-58.3,14,19.0,33.5,2,2
6943ef8135996ea66e7197ad,1766059904.950000,7,12345678,1,de0f,9822,0,0.0,29238,0,0.0,2,"(0,1)",54,6,-10.5,23.5,-62,-58.3,14,19.0,33.5,2,2
6943ef8135996ea66e7197ae,1766059905.000000,7,12345678,1,de0f,9822,0,0.0,29238,0,0.0,2,"(0,1)",54,6,-10.5,23.5,-62,-58.3,14,19.0,33.5,2,2
6943ef8135996ea66e7197af,1766059905.050000,7,12345678,1,de0f,9822,0,0.0,29256,0,0.0,2,"(0,1)",54,6,-10.5,23.5,-62,-58.3,14,19.0,33.5,2,2
6943ef8135996ea66e7197b0,1766059905.100000,7,12345678,1,de0f,9864,0,0.0,29310,0,0.0,2,"(0,1)",54,6,-10.5,23.5,-62,-55.6,14,19.0,15.5,2,2
6943ef8235996ea66e719865,1766059905.150000,7,12345678,1,de0f,9864,0,0.0,29310,0,0.0,2,"(0,1)",54,6,-10.5,23.5,-62,-55.6,14,19.0,15.5,2,2
6943ef8235996ea66e719866,1766059905.200000,7,12345678,1,de0f,9864,0,0.0,29334,1,0.0,2,"(0,1)",54,6,-10.5,23.5,-62,-54.9,14,19.0,36.5,2,2
6943ef8235996ea66e719867,1766059905.250000,7,12345678,1,de0f,9864,0,0.0,29334,1,0.0,2,"(0,1)",54,6,-10.5,23.5,-62,-54.9,14,19.0,36.5,2,2
6943ef8235996ea66e719868,1766059905.300000,7,12345678,1,de0f,9864,0,0.0,29352,0,0.0,2,"(0,1)",54,6,-10.5,23.5,-62,-55.6,14,19.0,36.0,2,2
6943ef8235996ea66e719869,1766059905.350000,7,12345678,1,de0f,9864,0,0.0,29352,0,0.0,2,"(0,1)",54,6,-10.5,23.5,-62,-55.6,14,19.0,36.0,2,2
6943ef8235996ea66e71986a,1766059905.400000,7,12345678,1,de0f,9864,0,0.0,29370,0,0.0,2,"(0,1)",54,6,-10.5,23.5,-62,-57.0,14,19.0,34.5,2,2
6943ef8235996ea66e71986b,1766059905.450000,7,12345678,1,de0f,9864,0,0.0,29370,0,0.0,2,"(0,1)",54,6,-10.5,23.5,-62,-57.0,14,19.0,34.5,2,2
6943ef8235996ea66e71986c,1766059905.500000,7,12345678,1,de0f,9864,0,0.0,29388,0,0.0,2,"(0,1)",54,6,-10.5,23.5,-62,-58.3,14,19.0,33.5,2,2
6943ef8235996ea66e71986d,1766059905.550000,7,12345678,1,de0f,9864,0,0.0,29388,0,0.0,2,"(0,1)",54,6,-10.5,23.5,-62,-58.3,14,19.0,33.5,2,2
6943ef8235996ea66e71986e,1766059905.600000,7,12345678,1,de0f,9864,0,0.0,29406,0,0.0,2,"(0,1)",54,6,-10.5,23.5,-62,-57.6,14,19.0,33.5,2,2
6943ef8235996ea66e71986f,1766059905.650000,7,12345678,1,de0f,9864,0,0.0,29406,0,0.0,2,"(0,1)",54,6,-10.5,23.5,-62,-57.6,14,19.0,33.5,2,2
6943ef8235996ea66e719870,1766059905.700000,7,12345678,1,de0f,9864,0,0.0,29424,0,0.0,2,"(0,1)",54,6,-10.5,23.5,-62,-58.3,14,19.0,33.5,2,2
6943ef8235996ea66e719871,1766059905.750000,7,12345678,1,de0f,9906,0,0.0,29424,0,0.0,2,"(0,1)",54,6,-10.5,23.5,-62,-58.3,14,19.0,33.5,2,2
6943ef8235996ea66e719872,1766059905.800000,7,12345678,1,de0f,9906,0,0.0,29442,0,0.0,2,"(0,1)",54,6,-10.5,23.5,-62,-58.3,14,19.0,33.5,2,2
6943ef8235996ea66e719873,1766059905.850000,7,12345678,1,de0f,9906,0,0.0,29442,0,0.0,2,"(0,1)",54,6,-10.5,23.5,-62,-58.3,14,19.0,33.5,2,2
6943ef8235996ea66e719874,1766059905.900000,7,12345678,1,de0f,9906,0,0.0,29460,0,0.0,2,"(0,1)",54,6,-10.5,23.5,-62,-58.3,14,19.0,33.5,2,2
6943ef8335996ea66e7198ed,1766059905.950000,7,12345678,1,de0f,9906,0,0.0,29460,0,0.0,2,"(0,1)",54,6,-10.5,23.5,-62,-58.3,14,19.0,33.5,2,2
6943ef8335996ea66e7198ee,1766059906.000000,7,12345678,1,de0f,9906,0,0.0,29478,0,0.0,2,"(0,1)",54,6,-10.5,23.5,-62,-58.3,14,19.0,33.5,2,2
6943ef8335996ea66e7198ef,1766059906.050000,7,12345678,1,de0f,9906,0,0.0,29478,0,0.0,2,"(0,1)",54,6,-10.5,23.5,-62,-58.3,14,19.0,33.5,2,2
6943ef8335996ea66e7198f0,1766059906.100000,7,12345678,1,de0f,9948,0,0.0,29550,0,0.0,2,"(0,1)",54,6,-10.5,23.5,-62,-55.6,14,19.0,15.5,2,2
6943ef8335996ea66e7198f1,1766059906.150000,7,12345678,1,de0f,9948,0,0.0,29550,0,0.0,2,"(0,1)",54,6,-10.5,23.5,-62,-55.6,14,19.0,15.5,2,2
6943ef8335996ea66e7198f2,1766059906.200000,7,12345678,1,de0f,9948,0,0.0,29574,1,0.0,2,"(0,1)",54,6,-10.5,23.5,-62,-54.9,14,19.0,36.5,2,2
6943ef8335996ea66e7198f3,1766059906.250000,7,12345678,1,de0f,9948,0,0.0,29574,1,0.0,2,"(0,1)",54,6,-10.5,23.5,-62,-54.9,14,19.0,36.5,2,2
6943ef8335996ea66e7198f4,1766059906.300000,7,12345678,1,de0f,9948,0,0.0,29592,0,0.0,2,"(0,1)",54,6,-10.5,23.5,-62,-56.0,14,19.0,35.5,2,2
6943ef8335996ea66e7198f5,1766059906.350000,7,12345678,1,de0f,9948,0,0.0,29592,0,0.0,2,"(0,1)",54,6,-10.5,23.5,-62,-56.0,14,19.0,35.5,2,2
6943ef8335996ea66e7198f6,1766059906.400000,7,12345678,1,de0f,9948,0,0.0,29610,0,0.0,2,"(0,1)",54,6,-10.5,23.5,-62,-57.0,14,19.0,34.5,2,2
6943ef8335996ea66e7198f7,1766059906.450000,7,12345678,1,de0f,9948,0,0.0,29610,0,0.0,2,"(0,1)",54,6,-10.5,23.5,-62,-57.0,14,19.0,34.5,2,2
6943ef8335996ea66e7198f8,1766059906.500000,7,12345678,1,de0f,9948,0,0.0,29628,0,0.0,2,"(0,1)",54,6,-10.5,23.5,-62,-58.3,14,19.0,33.5,2,2
6943ef8335996ea66e7198f9,1766059906.550000,7,12345678,1,de0f,9948,0,0.0,29628,0,0.0,2,"(0,1)",54,6,-10.5,23.5,-62,-58.3,14,19.0,33.5,2,2
6943ef8335996ea66e7198fa,1766059906.600000,7,12345678,1,de0f,9948,0,0.0,29646,0,0.0,2,"(0,1)",54,6,-10.5,23.5,-62,-58.3,14,19.0,33.5,2,2
6943ef8335996ea66e7198fb,1766059906.650000,7,12345678,1,de0f,9948,0,0.0,29646,0,0.0,2,"(0,1)",54,6,-10.5,23.5,-62,-58.3,14,19.0,33.5,2,2
6943ef8335996ea66e7198fc,1766059906.700000,7,12345678,1,de0f,9948,0,0.0,29664,0,0.0,2,"(0,1)",54,6,-10.5,23.5,-62,-58.3,14,19.0,33.5,2,2
6943ef8335996ea66e7198fd,1766059906.750000,7,12345678,1,de0f,9990,0,0.0,29664,0,0.0,2,"(0,1)",54,6,-10.5,23.5,-62,-58.3,14,20.0,33.5,2,2
6943ef8335996ea66e7198fe,1766059906.800000,7,12345678,1,de0f,9990,0,0.0,29682,0,0.0,2,"(0,1)",54,6,-10.5,23.5,-62,-58.3,14,20.0,33.5,2,2
6943ef8335996ea66e7198ff,1766059906.850000,7,12345678,1,de0f,9990,0,0.0,29682,0,0.0,2,"(0,1)",54,6,-10.5,23.5,-62,-58.3,14,20.0,33.5,2,2
6943ef8335996ea66e719900,1766059906.900000,7,12345678,1,de0f,9990,0,0.0,29700,0,0.0,2,"(0,1)",54,6,-10.5,23.5,-62,-58.3,14,20.0,33.5,2,2
6943ef8335996ea66e719901,1766059906.950000,7,12345678,1,de0f,9990,0,0.0,29700,0,0.0,2,"(0,1)",54,6,-10.5,23.5,-62,-58.3,14,20.0,33.5,2,2
6943ef8335996ea66e719902,1766059907.000000,7,12345678,1,de0f,9990,0,0.0,29718,0,0.0,2,"(0,1)",54,6,-10.5,23.5,-62,-58.3,14,20.0,33.5,2,2
6943ef8335996ea66e719903,1766059907.050000,7,12345678,1,de0f,9990,0,0.0,29718,0,0.0,2,"(0,1)",54,6,-10.5,23.5,-62,-58.3,14,20.0,33.5,2,2
6943ef8335996ea66e719904,1766059907.100000,7,12345678,1,de0f,9990,0,0.0,29756,0,0.0,2,"(0,1)",54,6,-10.5,23.5,-62,-58.3,14,20.0,13.0,2,2
6943ef8435996ea66e7199c4,1766059907.150000,7,12345678,1,de0f,10032,0,0.0,29790,0,0.0,2,"(0,1)",54,6,-10.5,23.5,-62,-55.6,14,19.0,15.5,2,2
6943ef8435996ea66e7199c5,1766059907.200000,7,12345678,1,de0f,10032,0,0.0,29814,1,0.0,2,"(0,1)",54,6,-10.5,23.5,-62,-54.9,14,19.0,36.5,2,2
6943ef8435996ea66e7199c6,1766059907.250000,7,12345678,1,de0f,10032,0,0.0,29814,1,0.0,2,"(0,1)",54,6,-10.5,23.5,-62,-54.9,14,19.0,36.5,2,2
6943ef8435996ea66e7199c7,1766059907.300000,7,12345678,1,de0f,10032,0,0.0,29832,0,0.0,2,"(0,1)",54,6,-10.5,23.5,-62,-56.0,14,19.0,35.5,2,2
6943ef8435996ea66e7199c8,1766059907.350000,7,12345678,1,de0f,10032,0,0.0,29832,0,0.0,2,"(0,1)",54,6,-10.5,23.5,-62,-56.0,14,19.0,35.5,2,2
6943ef8435996ea66e7199c9,1766059907.400000,7,12345678,1,de0f,10032,0,0.0,29850,0,0.0,2,"(0,1)",54,6,-10.5,23.5,-62,-57.6,14,19.0,34.0,2,2
6943ef8435996ea66e7199ca,1766059907.450000,7,12345678,1,de0f,10032,0,0.0,29850,0,0.0,2,"(0,1)",54,6,-10.5,23.5,-62,-57.6,14,19.0,34.0,2,2
6943ef8435996ea66e7199cb,1766059907.500000,7,12345678,1,de0f,10032,0,0.0,29868,0,0.0,2,"(0,1)",54,6,-10.5,23.5,-62,-58.3,14,19.0,33.5,2,2
6943ef8435996ea66e7199cc,1766059907.550000,7,12345678,1,de0f,10032,0,0.0,29868,0,0.0,2,"(0,1)",54,6,-10.5,23.5,-62,-58.3,14,19.0,33.5,2,2
6943ef8435996ea66e7199cd,1766059907.600000,7,12345678,1,de0f,10032,0,0.0,29886,0,0.0,2,"(0,1)",54,6,-10.5,23.5,-62,-58.3,14,19.0,33.5,2,2
6943ef8435996ea66e7199ce,1766059907.650000,7,12345678,1,de0f,10032,0,0.0,29886,0,0.0,2,"(0,1)",54,6,-10.5,23.5,-62,-58.3,14,19.0,33.5,2,2
6943ef8435996ea66e7199cf,1766059907.700000,7,12345678,1,de0f,10032,0,0.0,29904,0,0.0,2,"(0,1)",54,6,-10.5,23.5,-62,-58.3,14,19.0,33.0,2,2
6943ef8435996ea66e7199d0,1766059907.750000,7,12345678,1,de0f,10074,0,0.0,29904,0,0.0,2,"(0,1)",54,6,-10.5,23.5,-62,-58.3,14,19.0,33.0,2,2
6943ef8435996ea66e7199d1,1766059907.800000,7,12345678,1,de0f,10074,0,0.0,29922,0,0.0,2,"(0,1)",54,6,-10.5,23.5,-62,-58.3,14,19.0,33.5,2,2
6943ef8435996ea66e7199d2,1766059907.850000,7,12345678,1,de0f,10074,0,0.0,29922,0,0.0,2,"(0,1)",54,6,-10.5,23.5,-62,-58.3,14,19.0,33.5,2,2
6943ef8435996ea66e7199d3,1766059907.900000,7,12345678,1,de0f,10074,0,0.0,29940,0,0.0,2,"(0,1)",54,6,-10.5,23.5,-62,-58.3,14,19.0,33.5,2,2
6943ef8435996ea66e7199d4,1766059907.950000,7,12345678,1,de0f,10074,0,0.0,29940,0,0.0,2,"(0,1)",54,6,-10.5,23.5,-62,-58.3,14,19.0,33.5,2,2
6943ef8435996ea66e7199d5,1766059908.000000,7,12345678,1,de0f,10074,0,0.0,29958,0,0.0,2,"(0,1)",54,6,-10.5,23.5,-62,-58.3,14,19.0,33.0,2,2
6943ef8435996ea66e7199d6,1766059908.050000,7,12345678,1,de0f,10074,0,0.0,29958,0,0.0,2,"(0,1)",54,6,-10.5,23.5,-62,-58.3,14,19.0,33.0,2,2
6943ef8435996ea66e7199d7,1766059908.100000,7,12345678,1,de0f,10074,0,0.0,29976,0,0.0,2,"(0,1)",54,6,-10.5,23.5,-62,-58.3,14,19.0,33.5,2,2
6943ef8435996ea66e7199d8,1766059908.150000,7,12345678,1,de0f,10116,0,0.0,30030,0,0.0,2,"(0,1)",54,6,-10.5,23.5,-62,-55.6,14,19.0,15.5,2,2
6943ef8435996ea66e7199d9,1766059908.200000,7,12345678,1,de0f,10116,0,0.0,30030,0,0.0,2,"(0,1)",54,6,-10.5,23.5,-62,-55.6,14,19.0,15.5,2,2
6943ef8535996ea66e719aa5,1766059908.250000,7,12345678,1,de0f,10116,0,0.0,30054,1,0.0,2,"(0,1)",54,6,-10.5,23.5,-62,-55.3,14,19.0,36.5,2,2
6943ef8535996ea66e719aa6,1766059908.300000,7,12345678,1,de0f,10116,0,0.0,30054,1,0.0,2,"(0,1)",54,6,-10.5,23.5,-62,-55.3,14,19.0,36.5,2,2
6943ef8535996ea66e719aa7,1766059908.350000,7,12345678,1,de0f,10116,0,0.0,30072,0,0.0,2,"(0,1)",54,6,-10.5,23.5,-62,-56.0,14,19.0,35.5,2,2
6943ef8535996ea66e719aa8,1766059908.400000,7,12345678,1,de0f,10116,0,0.0,30072,0,0.0,2,"(0,1)",54,6,-10.5,23.5,-62,-56.0,14,19.0,35.5,2,2
6943ef8535996ea66e719aa9,1766059908.450000,7,12345678,1,de0f,10116,0,0.0,30090,0,0.0,2,"(0,1)",54,6,-10.5,23.5,-62,-57.0,14,19.0,34.0,2,2
6943ef8535996ea66e719aaa,1766059908.500000,7,12345678,1,de0f,10116,0,0.0,30090,0,0.0,2,"(0,1)",54,6,-10.5,23.5,-62,-57.0,14,19.0,34.0,2,2
6943ef8535996ea66e719aab,1766059908.550000,7,12345678,1,de0f,10116,0,0.0,30108,0,0.0,2,"(0,1)",54,6,-10.5,23.5,-62,-58.3,14,19.0,33.5,2,2
6943ef8535996ea66e719aac,1766059908.600000,7,12345678,1,de0f,10116,0,0.0,30108,0,0.0,2,"(0,1)",54,6,-10.5,23.5,-62,-58.3,14,19.0,33.5,2,2
6943ef8535996ea66e719aad,1766059908.650000,7,12345678,1,de0f,10116,0,0.0,30126,0,0.0,2,"(0,1)",54,6,-10.5,23.5,-62,-58.3,14,19.0,33.5,2,2
6943ef8535996ea66e719aae,1766059908.700000,7,12345678,1,de0f,10116,0,0.0,30126,0,0.0,2,"(0,1)",54,6,-10.5,23.5,-62,-58.3,14,19.0,33.5,2,2
6943ef8535996ea66e719aaf,1766059908.750000,7,12345678,1,de0f,10158,0,0.0,30144,0,0.0,2,"(0,1)",54,6,-10.5,23.5,-62,-58.3,14,18.0,33.5,2,2
6943ef8535996ea66e719ab0,1766059908.800000,7,12345678,1,de0f,10158,0,0.0,30144,0,0.0,2,"(0,1)",54,6,-10.5,23.5,-62,-58.3,14,18.0,33.5,2,2
6943ef8535996ea66e719ab1,1766059908.850000,7,12345678,1,de0f,10158,0,0.0,30162,0,0.0,2,"(0,1)",54,6,-10.5,23.5,-62,-59.1,14,18.0,33.0,2,2
6943ef8535996ea66e719ab2,1766059908.900000,7,12345678,1,de0f,10158,0,0.0,30162,0,0.0,2,"(0,1)",54,6,-10.5,23.5,-62,-59.1,14,18.0,33.0,2,2
6943ef8535996ea66e719ab3,1766059908.950000,7,12345678,1,de0f,10158,0,0.0,30180,0,0.0,2,"(0,1)",54,6,-10.5,23.5,-62,-58.3,14,18.0,33.5,2,2
6943ef8535996ea66e719ab4,1766059909.000000,7,12345678,1,de0f,10158,0,0.0,30180,0,0.0,2,"(0,1)",54,6,-10.5,23.5,-62,-58.3,14,18.0,33.5,2,2
6943ef8535996ea66e719ab5,1766059909.050000,7,12345678,1,de0f,10158,0,0.0,30198,0,0.0,2,"(0,1)",54,6,-10.5,23.5,-62,-58.3,14,18.0,33.0,2,2
6943ef8535996ea66e719ab6,1766059909.100000,7,12345678,1,de0f,10158,0,0.0,30198,0,0.0,2,"(0,1)",54,6,-10.5,23.5,-62,-58.3,14,18.0,33.0,2,2
6943ef8535996ea66e719ab7,1766059909.150000,7,12345678,1,de0f,10200,0,0.0,30270,0,0.0,2,"(0,1)",54,6,-10.5,23.5,-62,-55.6,14,19.0,15.0,2,2
6943ef8535996ea66e719ab8,1766059909.200000,7,12345678,1,de0f,10200,0,0.0,30270,0,0.0,2,"(0,1)",54,6,-10.5,23.5,-62,-55.6,14,19.0,15.0,2,2
6943ef8535996ea66e719ab9,1766059909.250000,7,12345678,1,de0f,10200,0,0.0,30294,1,0.0,2,"(0,1)",54,6,-10.5,23.5,-62,-55.3,14,19.0,36.5,2,2
6943ef8635996ea66e719b59,1766059909.300000,7,12345678,1,de0f,10200,0,0.0,30294,1,0.0,2,"(0,1)",54,6,-10.5,23.5,-62,-55.3,14,19.0,36.5,2,2
6943ef8635996ea66e719b5a,1766059909.350000,7,12345678,1,de0f,10200,0,0.0,30312,0,0.0,2,"(0,1)",54,6,-10.5,23.5,-62,-56.5,14,19.0,35.5,2,2
6943ef8635996ea66e719b5b,1766059909.400000,7,12345678,1,de0f,10200,0,0.0,30312,0,0.0,2,"(0,1)",54,6,-10.5,23.5,-62,-56.5,14,19.0,35.5,2,2
6943ef8635996ea66e719b5c,1766059909.450000,7,12345678,1,de0f,10200,0,0.0,30330,0,0.0,2,"(0,1)",54,6,-10.5,23.5,-62,-57.0,14,19.0,34.5,2,2
6943ef8635996ea66e719b5d,1766059909.500000,7,12345678,1,de0f,10200,0,0.0,30330,0,0.0,2,"(0,1)",54,6,-10.5,23.5,-62,-57.0,14,19.0,34.5,2,2
6943ef8635996ea66e719b5e,1766059909.550000,7,12345678,1,de0f,10200,0,0.0,30348,0,0.0,2,"(0,1)",54,6,-10.5,23.5,-62,-58.3,14,19.0,33.5,2,2
6943ef8635996ea66e719b5f,1766059909.600000,7,12345678,1,de0f,10200,0,0.0,30348,0,0.0,2,"(0,1)",54,6,-10.5,23.5,-62,-58.3,14,19.0,33.5,2,2
6943ef8635996ea66e719b60,1766059909.650000,7,12345678,1,de0f,10200,0,0.0,30366,0,0.0,2,"(0,1)",54,6,-10.5,23.5,-62,-58.3,14,19.0,33.5,2,2
6943ef8635996ea66e719b61,1766059909.700000,7,12345678,1,de0f,10200,0,0.0,30366,0,0.0,2,"(0,1)",54,6,-10.5,23.5,-62,-58.3,14,19.0,33.5,2,2
6943ef8635996ea66e719b62,1766059909.750000,7,12345678,1,de0f,10242,0,0.0,30384,0,0.0,2,"(0,1)",54,6,-10.5,23.5,-62,-58.3,14,20.0,33.5,2,2
6943ef8635996ea66e719b63,1766059909.800000,7,12345678,1,de0f,10242,0,0.0,30384,0,0.0,2,"(0,1)",54,6,-10.5,23.5,-62,-58.3,14,20.0,33.5,2,2
6943ef8635996ea66e719b64,1766059909.850000,7,12345678,1,de0f,10242,0,0.0,30402,0,0.0,2,"(0,1)",54,6,-10.5,23.5,-62,-58.3,14,20.0,33.5,2,2
6943ef8635996ea66e719b65,1766059909.900000,7,12345678,1,de0f,10242,0,0.0,30402,0,0.0,2,"(0,1)",54,6,-10.5,23.5,-62,-58.3,14,20.0,33.5,2,2
6943ef8635996ea66e719b66,1766059909.950000,7,12345678,1,de0f,10242,0,0.0,30420,0,0.0,2,"(0,1)",54,6,-10.5,23.5,-62,-59.1,14,20.0,33.0,2,2
6943ef8635996ea66e719b67,1766059910.000000,7,12345678,1,de0f,10242,0,0.0,30420,0,0.0,2,"(0,1)",54,6,-10.5,23.5,-62,-59.1,14,20.0,33.0,2,2
6943ef8635996ea66e719b68,1766059910.050000,7,12345678,1,de0f,10242,0,0.0,30438,0,0.0,2,"(0,1)",54,6,-10.5,23.5,-62,-58.3,14,20.0,33.5,2,2
6943ef8635996ea66e719b69,1766059910.100000,7,12345678,1,de0f,10242,0,0.0,30438,0,0.0,2,"(0,1)",54,6,-10.5,23.5,-62,-58.3,14,20.0,33.5,2,2
6943ef8635996ea66e719b6a,1766059910.150000,7,12345678,1,de0f,10242,0,0.0,30456,0,0.0,2,"(0,1)",54,6,-10.5,23.5,-62,-58.3,14,20.0,33.0,2,2
6943ef8635996ea66e719b6b,1766059910.200000,7,12345678,1,de0f,10284,0,0.0,30510,0,0.0,2,"(0,1)",54,6,-10.5,23.5,-63,-55.3,14,19.0,15.5,2,2
6943ef8635996ea66e719b6c,1766059910.250000,7,12345678,1,de0f,10284,0,0.0,30510,0,0.0,2,"(0,1)",54,6,-10.5,23.5,-63,-55.3,14,19.0,15.5,2,2
6943ef8735996ea66e719c0c,1766059910.300000,7,12345678,1,de0f,10284,0,0.0,30534,1,0.0,2,"(0,1)",54,6,-10.5,23.5,-63,-55.3,14,19.0,36.5,2,2
6943ef8735996ea66e719c0d,1766059910.350000,7,12345678,1,de0f,10284,0,0.0,30534,1,0.0,2,"(0,1)",54,6,-10.5,23.5,-63,-55.3,14,19.0,36.5,2,2
6943ef8735996ea66e719c0e,1766059910.400000,7,12345678,1,de0f,10284,0,0.0,30552,0,0.0,2,"(0,1)",54,6,-10.5,23.5,-63,-56.0,14,19.0,35.5,2,2
6943ef8735996ea66e719c0f,1766059910.450000,7,12345678,1,de0f,10284,0,0.0,30552,0,0.0,2,"(0,1)",54,6,-10.5,23.5,-63,-56.0,14,19.0,35.5,2,2
6943ef8735996ea66e719c10,1766059910.500000,7,12345678,1,de0f,10284,0,0.0,30570,0,0.0,2,"(0,1)",54,6,-10.5,23.5,-63,-57.0,14,19.0,34.5,2,2
6943ef8735996ea66e719c11,1766059910.550000,7,12345678,1,de0f,10284,0,0.0,30570,0,0.0,2,"(0,1)",54,6,-10.5,23.5,-63,-57.0,14,19.0,34.5,2,2
6943ef8735996ea66e719c12,1766059910.600000,7,12345678,1,de0f,10284,0,0.0,30588,0,0.0,2,"(0,1)",54,6,-10.5,23.5,-63,-58.3,14,19.0,33.5,2,2
6943ef8735996ea66e719c13,1766059910.650000,7,12345678,1,de0f,10284,0,0.0,30588,0,0.0,2,"(0,1)",54,6,-10.5,23.5,-63,-58.3,14,19.0,33.5,2,2
6943ef8735996ea66e719c14,1766059910.700000,7,12345678,1,de0f,10284,0,0.0,30606,0,0.0,2,"(0,1)",54,6,-10.5,23.5,-63,-58.3,14,19.0,33.5,2,2
6943ef8735996ea66e719c15,1766059910.750000,7,12345678,1,de0f,10326,0,0.0,30606,0,0.0,2,"(0,1)",54,6,-10.5,23.5,-63,-58.3,14,20.0,33.5,2,2
6943ef8735996ea66e719c16,1766059910.800000,7,12345678,1,de0f,10326,0,0.0,30624,0,0.0,2,"(0,1)",54,6,-10.5,23.5,-63,-58.3,14,20.0,33.5,2,2
6943ef8735996ea66e719c17,1766059910.850000,7,12345678,1,de0f,10326,0,0.0,30624,0,0.0,2,"(0,1)",54,6,-10.5,23.5,-63,-58.3,14,20.0,33.5,2,2
6943ef8735996ea66e719c18,1766059910.900000,7,12345678,1,de0f,10326,0,0.0,30642,0,0.0,2,"(0,1)",54,6,-10.5,23.5,-63,-58.3,14,20.0,33.0,2,2
6943ef8735996ea66e719c19,1766059910.950000,7,12345678,1,de0f,10326,0,0.0,30642,0,0.0,2,"(0,1)",54,6,-10.5,23.5,-63,-58.3,14,20.0,33.0,2,2
6943ef8735996ea66e719c1a,1766059911.000000,7,12345678,1,de0f,10326,0,0.0,30660,0,0.0,2,"(0,1)",54,6,-10.5,23.5,-63,-58.3,14,20.0,33.5,2,2
6943ef8735996ea66e719c1b,1766059911.050000,7,12345678,1,de0f,10326,0,0.0,30660,0,0.0,2,"(0,1)",54,6,-10.5,23.5,-63,-58.3,14,20.0,33.5,2,2
6943ef8735996ea66e719c1c,1766059911.100000,7,12345678,1,de0f,10326,0,0.0,30678,0,0.0,2,"(0,1)",54,6,-10.5,23.5,-63,-58.3,14,20.0,33.0,2,2
6943ef8735996ea66e719c1d,1766059911.150000,7,12345678,1,de0f,10326,0,0.0,30678,0,0.0,2,"(0,1)",54,6,-10.5,23.5,-63,-58.3,14,20.0,33.0,2,2
6943ef8735996ea66e719c1e,1766059911.200000,7,12345678,1,de0f,10368,0,0.0,30750,0,0.0,2,"(0,1)",54,6,-10.5,23.5,-63,-55.6,14,19.0,15.5,2,2
6943ef8735996ea66e719c1f,1766059911.250000,7,12345678,1,de0f,10368,0,0.0,30750,0,0.0,2,"(0,1)",54,6,-10.5,23.5,-63,-55.6,14,19.0,15.5,2,2
6943ef8835996ea66e719cdb,1766059911.300000,7,12345678,1,de0f,10368,0,0.0,30774,1,0.0,2,"(0,1)",54,6,-10.5,23.5,-63,-54.9,14,19.0,36.5,2,2
6943ef8835996ea66e719cdc,1766059911.350000,7,12345678,1,de0f,10368,0,0.0,30774,1,0.0,2,"(0,1)",54,6,-10.5,23.5,-63,-54.9,14,19.0,36.5,2,2
6943ef8835996ea66e719cdd,1766059911.400000,7,12345678,1,de0f,10368,0,0.0,30792,0,0.0,2,"(0,1)",54,6,-10.5,23.5,-63,-56.0,14,19.0,35.5,2,2
6943ef8835996ea66e719cde,1766059911.450000,7,12345678,1,de0f,10368,0,0.0,30792,0,0.0,2,"(0,1)",54,6,-10.5,23.5,-63,-56.0,14,19.0,35.5,2,2
6943ef8835996ea66e719cdf,1766059911.500000,7,12345678,1,de0f,10368,0,0.0,30810,0,0.0,2,"(0,1)",54,6,-10.5,23.5,-63,-57.0,14,19.0,34.5,2,2
6943ef8835996ea66e719ce0,1766059911.550000,7,12345678,1,de0f,10368,0,0.0,30810,0,0.0,2,"(0,1)",54,6,-10.5,23.5,-63,-57.0,14,19.0,34.5,2,2
6943ef8835996ea66e719ce1,1766059911.600000,7,12345678,1,de0f,10368,0,0.0,30828,0,0.0,2,"(0,1)",54,6,-10.5,23.5,-63,-58.3,14,19.0,33.5,2,2
6943ef8835996ea66e719ce2,1766059911.650000,7,12345678,1,de0f,10368,0,0.0,30828,0,0.0,2,"(0,1)",54,6,-10.5,23.5,-63,-58.3,14,19.0,33.5,2,2
6943ef8835996ea66e719ce3,1766059911.700000,7,12345678,1,de0f,10368,0,0.0,30846,0,0.0,2,"(0,1)",54,6,-10.5,23.5,-63,-58.3,14,19.0,33.5,2,2
6943ef8835996ea66e719ce4,1766059911.750000,7,12345678,1,de0f,10410,0,0.0,30846,0,0.0,2,"(0,1)",54,6,-10.5,23.5,-63,-58.3,14,19.0,33.5,2,2
6943ef8835996ea66e719ce5,1766059911.800000,7,12345678,1,de0f,10410,0,0.0,30864,0,0.0,2,"(0,1)",54,6,-10.5,23.5,-63,-58.3,14,19.0,33.5,2,2
6943ef8835996ea66e719ce6,1766059911.850000,7,12345678,1,de0f,10410,0,0.0,30864,0,0.0,2,"(0,1)",54,6,-10.5,23.5,-63,-58.3,14,19.0,33.5,2,2
6943ef8835996ea66e719ce7,1766059911.900000,7,12345678,1,de0f,10410,0,0.0,30882,0,0.0,2,"(0,1)",54,6,-10.5,23.5,-63,-58.3,14,19.0,33.5,2,2
6943ef8835996ea66e719ce8,1766059911.950000,7,12345678,1,de0f,10410,0,0.0,30882,0,0.0,2,"(0,1)",54,6,-10.5,23.5,-63,-58.3,14,19.0,33.5,2,2
6943ef8835996ea66e719ce9,1766059912.000000,7,12345678,1,de0f,10410,0,0.0,30900,0,0.0,2,"(0,1)",54,6,-10.5,23.5,-63,-58.3,14,19.0,33.0,2,2
6943ef8835996ea66e719cea,1766059912.050000,7,12345678,1,de0f,10410,0,0.0,30900,0,0.0,2,"(0,1)",54,6,-10.5,23.5,-63,-58.3,14,19.0,33.0,2,2
6943ef8835996ea66e719ceb,1766059912.100000,7,12345678,1,de0f,10410,0,0.0,30918,0,0.0,2,"(0,1)",54,6,-10.5,23.5,-63,-58.3,14,19.0,33.0,2,2
6943ef8835996ea66e719cec,1766059912.150000,7,12345678,1,de0f,10410,0,0.0,30918,0,0.0,2,"(0,1)",54,6,-10.5,23.5,-63,-58.3,14,19.0,33.0,2,2
6943ef8835996ea66e719ced,1766059912.200000,7,12345678,1,de0f,10410,0,0.0,30956,0,0.0,2,"(0,1)",54,6,-10.5,23.5,-63,-58.3,14,19.0,12.0,2,2
6943ef8835996ea66e719cee,1766059912.250000,7,12345678,1,de0f,10452,0,0.0,30990,0,0.0,2,"(0,1)",54,6,-10.5,23.5,-63,-56.0,14,19.0,15.5,2,2
6943ef8835996ea66e719cef,1766059912.300000,7,12345678,1,de0f,10452,0,0.0,31014,1,0.0,2,"(0,1)",54,6,-10.5,23.5,-63,-55.3,14,19.0,36.5,2,2
6943ef8935996ea66e719d90,1766059912.350000,7,12345678,1,de0f,10452,0,0.0,31014,1,0.0,2,"(0,1)",54,6,-10.5,23.5,-63,-55.3,14,19.0,36.5,2,2
6943ef8935996ea66e719d91,1766059912.400000,7,12345678,1,de0f,10452,0,0.0,31032,0,0.0,2,"(0,1)",54,6,-10.5,23.5,-63,-56.5,14,19.0,35.5,2,2
6943ef8935996ea66e719d92,1766059912.450000,7,12345678,1,de0f,10452,0,0.0,31032,0,0.0,2,"(0,1)",54,6,-10.5,23.5,-63,-56.5,14,19.0,35.5,2,2
6943ef8935996ea66e719d93,1766059912.500000,7,12345678,1,de0f,10452,0,0.0,31050,0,0.0,2,"(0,1)",54,6,-10.5,23.5,-63,-57.6,14,19.0,34.5,2,2
6943ef8935996ea66e719d94,1766059912.550000,7,12345678,1,de0f,10452,0,0.0,31050,0,0.0,2,"(0,1)",54,6,-10.5,23.5,-63,-57.6,14,19.0,34.5,2,2
6943ef8935996ea66e719d95,1766059912.600000,7,12345678,1,de0f,10452,0,0.0,31068,0,0.0,2,"(0,1)",54,6,-10.5,23.5,-63,-58.3,14,19.0,33.5,2,2
6943ef8935996ea66e719d96,1766059912.650000,7,12345678,1,de0f,10452,0,0.0,31068,0,0.0,2,"(0,1)",54,6,-10.5,23.5,-63,-58.3,14,19.0,33.5,2,2
6943ef8935996ea66e719d97,1766059912.700000,7,12345678,1,de0f,10452,0,0.0,31086,0,0.0,2,"(0,1)",54,6,-10.5,23.5,-63,-58.3,14,19.0,33.5,2,2
6943ef8935996ea66e719d98,1766059912.750000,7,12345678,1,de0f,10494,0,0.0,31086,0,0.0,2,"(0,1)",54,6,-10.5,23.5,-63,-58.3,14,20.0,33.5,2,2
6943ef8935996ea66e719d99,1766059912.800000,7,12345678,1,de0f,10494,0,0.0,31104,0,0.0,2,"(0,1)",54,6,-10.5,23.5,-63,-58.3,14,20.0,33.5,2,2
6943ef8935996ea66e719d9a,1766059912.850000,7,12345678,1,de0f,10494,0,0.0,31104,0,0.0,2,"(0,1)",54,6,-10.5,23.5,-63,-58.3,14,20.0,33.5,2,2
6943ef8935996ea66e719d9b,1766059912.900000,7,12345678,1,de0f,10494,0,0.0,31122,0,0.0,2,"(0,1)",54,6,-10.5,23.5,-63,-58.3,14,20.0,33.5,2,2
6943ef8935996ea66e719d9c,1766059912.950000,7,12345678,1,de0f,10494,0,0.0,31122,0,0.0,2,"(0,1)",54,6,-10.5,23.5,-63,-58.3,14,20.0,33.5,2,2
6943ef8935996ea66e719d9d,1766059913.000000,7,12345678,1,de0f,10494,0,0.0,31140,0,0.0,2,"(0,1)",54,6,-10.5,23.5,-63,-58.3,14,20.0,33.0,2,2
6943ef8935996ea66e719d9e,1766059913.050000,7,12345678,1,de0f,10494,0,0.0,31140,0,0.0,2,"(0,1)",54,6,-10.5,23.5,-63,-58.3,14,20.0,33.0,2,2
6943ef8935996ea66e719d9f,1766059913.100000,7,12345678,1,de0f,10494,0,0.0,31158,0,0.0,2,"(0,1)",54,6,-10.5,23.5,-63,-58.3,14,20.0,33.5,2,2
6943ef8935996ea66e719da0,1766059913.150000,7,12345678,1,de0f,10494,0,0.0,31158,0,0.0,2,"(0,1)",54,6,-10.5,23.5,-63,-58.3,14,20.0,33.5,2,2
6943ef8935996ea66e719da1,1766059913.200000,7,12345678,1,de0f,10494,0,0.0,31176,0,0.0,2,"(0,1)",54,6,-10.5,23.5,-63,-58.3,14,20.0,33.5,2,2
6943ef8935996ea66e719da2,1766059913.250000,7,12345678,1,de0f,10536,0,0.0,31230,0,0.0,2,"(0,1)",54,6,-10.5,23.5,-63,-55.6,14,20.0,16.0,2,2
6943ef8935996ea66e719da3,1766059913.300000,7,12345678,1,de0f,10536,0,0.0,31230,0,0.0,2,"(0,1)",54,6,-10.5,23.5,-63,-55.6,14,20.0,16.0,2,2
6943ef8935996ea66e719da4,1766059913.350000,7,12345678,1,de0f,10536,0,0.0,31254,1,0.0,2,"(0,1)",54,6,-10.5,23.5,-63,-54.9,14,20.0,36.5,2,2
6943ef8a35996ea66e719e4b,1766059913.400000,7,12345678,1,de0f,10536,0,0.0,31254,1,0.0,2,"(0,1)",54,6,-10.5,23.5,-63,-54.9,14,20.0,36.5,2,2
6943ef8a35996ea66e719e4c,1766059913.450000,7,12345678,1,de0f,10536,0,0.0,31272,0,0.0,2,"(0,1)",54,6,-10.5,23.5,-63,-56.0,14,20.0,35.5,2,2
6943ef8a35996ea66e719e4d,1766059913.500000,7,12345678,1,de0f,10536,0,0.0,31272,0,0.0,2,"(0,1)",54,6,-10.5,23.5,-63,-56.0,14,20.0,35.5,2,2
6943ef8a35996ea66e719e4e,1766059913.550000,7,12345678,1,de0f,10536,0,0.0,31290,0,0.0,2,"(0,1)",54,6,-10.5,23.5,-63,-57.0,14,20.0,34.5,2,2
6943ef8a35996ea66e719e4f,1766059913.600000,7,12345678,1,de0f,10536,0,0.0,31290,0,0.0,2,"(0,1)",54,6,-10.5,23.5,-63,-57.0,14,20.0,34.5,2,2
6943ef8a35996ea66e719e50,1766059913.650000,7,12345678,1,de0f,10536,0,0.0,31308,0,0.0,2,"(0,1)",54,6,-10.5,23.5,-63,-59.1,14,20.0,33.5,2,2
6943ef8a35996ea66e719e51,1766059913.700000,7,12345678,1,de0f,10536,0,0.0,31308,0,0.0,2,"(0,1)",54,6,-10.5,23.5,-63,-59.1,14,20.0,33.5,2,2
6943ef8a35996ea66e719e52,1766059913.750000,7,12345678,1,de0f,10578,0,0.0,31326,0,0.0,2,"(0,1)",54,6,-10.5,23.5,-63,-59.1,14,19.0,33.5,2,2
6943ef8a35996ea66e719e53,1766059913.800000,7,12345678,1,de0f,10578,0,0.0,31326,0,0.0,2,"(0,1)",54,6,-10.5,23.5,-63,-59.1,14,19.0,33.5,2,2
6943ef8a35996ea66e719e54,1766059913.850000,7,12345678,1,de0f,10578,0,0.0,31344,0,0.0,2,"(0,1)",54,6,-10.5,23.5,-63,-59.1,14,19.0,33.5,2,2
6943ef8a35996ea66e719e55,1766059913.900000,7,12345678,1,de0f,10578,0,0.0,31344,0,0.0,2,"(0,1)",54,6,-10.5,23.5,-63,-59.1,14,19.0,33.5,2,2
6943ef8a35996ea66e719e56,1766059913.950000,7,12345678,1,de0f,10578,0,0.0,31362,0,0.0,2,"(0,1)",54,6,-10.5,23.5,-63,-57.6,14,19.0,34.0,2,2
6943ef8a35996ea66e719e57,1766059914.000000,7,12345678,1,de0f,10578,0,0.0,31362,0,0.0,2,"(0,1)",54,6,-10.5,23.5,-63,-57.6,14,19.0,34.0,2,2
6943ef8a35996ea66e719e58,1766059914.050000,7,12345678,1,de0f,10578,0,0.0,31380,0,0.0,2,"(0,1)",54,6,-10.5,23.5,-63,-57.6,14,19.0,34.0,2,2
6943ef8a35996ea66e719e59,1766059914.100000,7,12345678,1,de0f,10578,0,0.0,31380,0,0.0,2,"(0,1)",54,6,-10.5,23.5,-63,-57.6,14,19.0,34.0,2,2
6943ef8a35996ea66e719e5a,1766059914.150000,7,12345678,1,de0f,10578,0,0.0,31398,0,0.0,2,"(0,1)",54,6,-10.5,23.5,-63,-57.0,14,19.0,34.5,2,2
6943ef8a35996ea66e719e5b,1766059914.200000,7,12345678,1,de0f,10578,0,0.0,31398,0,0.0,2,"(0,1)",54,6,-10.5,23.5,-63,-57.0,14,19.0,34.5,2,2
6943ef8a35996ea66e719e5c,1766059914.250000,7,12345678,1,de0f,10620,0,0.0,31470,0,0.0,2,"(0,1)",54,6,-11.0,23.5,-64,-55.3,14,19.0,16.0,2,2
6943ef8a35996ea66e719e5d,1766059914.300000,7,12345678,1,de0f,10620,0,0.0,31470,0,0.0,2,"(0,1)",54,6,-11.0,23.5,-64,-55.3,14,19.0,16.0,2,2
6943ef8a35996ea66e719e5e,1766059914.350000,7,12345678,1,de0f,10620,0,0.0,31494,1,0.0,2,"(0,1)",52,6,-11.0,23.5,-64,-54.0,14,19.0,37.0,2,2
6943ef8b35996ea66e719f19,1766059914.400000,7,12345678,1,de0f,10620,0,0.0,31494,1,0.0,2,"(0,1)",52,6,-11.0,23.5,-64,-54.0,14,19.0,37.0,2,2
6943ef8b35996ea66e719f1a,1766059914.450000,7,12345678,1,de0f,10620,0,0.0,31512,0,0.0,2,"(0,1)",54,6,-11.0,23.5,-64,-54.9,14,19.0,36.0,2,2
6943ef8b35996ea66e719f1b,1766059914.500000,7,12345678,1,de0f,10620,0,0.0,31512,0,0.0,2,"(0,1)",54,6,-11.0,23.5,-64,-54.9,14,19.0,36.0,2,2
6943ef8b35996ea66e719f1c,1766059914.550000,7,12345678,1,de0f,10620,0,0.0,31530,0,0.0,2,"(0,1)",54,6,-11.0,23.5,-64,-67.7,14,19.0,26.5,2,2
6943ef8b35996ea66e719f1d,1766059914.600000,7,12345678,1,de0f,10620,0,0.0,31530,0,0.0,2,"(0,1)",54,6,-11.0,23.5,-64,-67.7,14,19.0,26.5,2,2
6943ef8b35996ea66e719f1e,1766059914.650000,7,12345678,1,de0f,10620,0,0.0,31548,0,0.0,2,"(0,1)",54,6,-11.0,23.5,-64,-66.0,14,19.0,28.0,2,2
6943ef8b35996ea66e719f1f,1766059914.700000,7,12345678,1,de0f,10620,0,0.0,31548,0,0.0,2,"(0,1)",54,6,-11.0,23.5,-64,-66.0,14,19.0,28.0,2,2
6943ef8b35996ea66e719f20,1766059914.750000,7,12345678,1,de0f,10662,0,0.0,31566,0,0.0,2,"(0,1)",54,6,-11.0,23.5,-64,-63.0,14,14.0,29.5,2,2
6943ef8b35996ea66e719f21,1766059914.800000,7,12345678,1,de0f,10662,0,0.0,31566,0,0.0,2,"(0,1)",54,6,-11.0,23.5,-64,-63.0,14,14.0,29.5,2,2
6943ef8b35996ea66e719f22,1766059914.850000,7,12345678,1,de0f,10662,0,0.0,31584,0,0.0,2,"(0,1)",54,6,-11.0,23.5,-64,-70.1,14,14.0,27.5,2,2
6943ef8b35996ea66e719f23,1766059914.900000,7,12345678,1,de0f,10662,0,0.0,31584,0,0.0,2,"(0,1)",54,6,-11.0,23.5,-64,-70.1,15,14.0,27.5,2,2
6943ef8b35996ea66e719f24,1766059914.950000,7,12345678,1,de0f,10662,0,0.0,31602,0,0.0,2,"(0,1)",54,6,-11.0,23.5,-64,-58.3,15,14.0,36.0,2,2
6943ef8b35996ea66e719f25,1766059915.000000,7,12345678,1,de0f,10662,0,0.0,31602,0,0.0,2,"(0,1)",54,6,-11.0,23.5,-64,-58.3,15,14.0,36.0,2,2
6943ef8b35996ea66e719f26,1766059915.050000,7,12345678,1,de0f,10662,0,0.0,31620,0,0.0,2,"(0,1)",54,6,-11.0,23.5,-64,-56.0,15,14.0,35.5,2,2
6943ef8b35996ea66e719f27,1766059915.100000,7,12345678,1,de0f,10662,0,0.0,31620,0,0.0,2,"(0,0)",54,6,-11.0,23.5,-64,-56.0,13,14.0,35.5,2,2
6943ef8b35996ea66e719f28,1766059915.150000,7,12345678,1,de0f,10662,0,0.0,31638,0,0.0,2,"(0,1)",42,6,-11.0,23.5,-64,-60.0,15,14.0,32.5,2,2
6943ef8b35996ea66e719f29,1766059915.200000,7,12345678,1,de0f,10662,0,0.0,31638,0,0.0,2,"(0,1)",42,6,-11.0,23.5,-64,-60.0,15,14.0,32.5,2,2
6943ef8b35996ea66e719f2a,1766059915.250000,7,12345678,1,de0f,10662,0,0.0,31656,0,0.0,2,"(0,1)",54,6,-11.0,23.5,-64,-66.0,15,14.0,29.0,2,2
6943ef8b35996ea66e719f2b,1766059915.300000,7,12345678,1,de0f,10704,0,0.0,31710,0,0.0,2,"(0,1)",54,6,-11.0,23.5,-62,-66.0,15,19.0,7.5,2,2
6943ef8b35996ea66e719f2c,1766059915.350000,7,12345678,1,de0f,10704,0,0.0,31710,0,0.0,2,"(0,1)",54,6,-11.0,23.5,-62,-66.0,15,19.0,7.5,2,2
6943ef8b35996ea66e719f2d,1766059915.400000,7,12345678,1,de0f,10704,0,0.0,31734,1,0.0,2,"(0,1)",48,6,-11.0,23.5,-62,-56.5,15,19.0,34.0,2,2
6943ef8c35996ea66e719fd2,1766059915.450000,7,12345678,1,de0f,10704,0,0.0,31734,1,0.0,2,"(0,1)",48,6,-11.0,23.5,-62,-56.5,15,19.0,34.0,2,2
6943ef8c35996ea66e719fd3,1766059915.500000,7,12345678,1,de0f,10704,0,0.0,31752,0,0.0,2,"(0,1)",48,6,-11.0,23.5,-62,-58.3,15,19.0,33.0,2,2
6943ef8c35996ea66e719fd4,1766059915.550000,7,12345678,1,de0f,10704,0,0.0,31752,0,0.0,2,"(0,1)",48,6,-11.0,23.5,-62,-58.3,15,19.0,33.0,2,2
6943ef8c35996ea66e719fd5,1766059915.600000,7,12345678,1,de0f,10704,0,0.0,31770,0,0.0,2,"(0,1)",52,6,-11.0,23.5,-62,-66.0,15,19.0,30.5,2,2
6943ef8c35996ea66e719fd6,1766059915.650000,7,12345678,1,de0f,10704,0,0.0,31770,0,0.0,2,"(0,1)",52,6,-11.0,23.5,-62,-66.0,15,19.0,30.5,2,2
6943ef8c35996ea66e719fd7,1766059915.700000,7,12345678,1,de0f,10704,0,0.0,31788,0,0.0,2,"(0,1)",52,6,-11.0,23.5,-62,-53.3,15,19.0,43.5,2,2
6943ef8c35996ea66e719fd8,1766059915.750000,7,12345678,1,de0f,10746,0,0.0,31788,0,0.0,2,"(0,1)",52,6,-11.0,23.5,-62,-53.3,15,16.0,43.5,2,2
6943ef8c35996ea66e719fd9,1766059915.800000,7,12345678,1,de0f,10746,0,0.0,31806,0,0.0,2,"(0,1)",52,6,-11.0,23.5,-62,-54.9,15,16.0,40.5,2,2
6943ef8c35996ea66e719fda,1766059915.850000,7,12345678,1,de0f,10746,0,0.0,31806,0,0.0,2,"(0,1)",52,6,-11.0,23.5,-62,-54.9,15,16.0,40.5,2,2
6943ef8c35996ea66e719fdb,1766059915.900000,7,12345678,1,de0f,10746,0,0.0,31824,0,0.0,2,"(0,1)",52,6,-11.0,23.5,-62,-54.3,14,16.0,43.0,2,2
6943ef8c35996ea66e719fdc,1766059915.950000,7,12345678,1,de0f,10746,0,0.0,31824,0,0.0,2,"(0,1)",52,6,-11.0,23.5,-62,-54.3,14,16.0,43.0,2,2
6943ef8c35996ea66e719fdd,1766059916.000000,7,12345678,1,de0f,10746,0,0.0,31842,0,0.0,2,"(0,1)",52,6,-11.0,23.5,-62,-66.0,14,16.0,37.5,2,2
6943ef8c35996ea66e719fde,1766059916.050000,7,12345678,1,de0f,10746,0,0.0,31842,0,0.0,2,"(0,1)",52,6,-11.0,23.5,-62,-66.0,14,16.0,37.5,2,2
6943ef8c35996ea66e719fdf,1766059916.100000,7,12345678,1,de0f,10746,0,0.0,31860,0,0.0,2,"(0,1)",54,6,-11.0,23.5,-62,-55.3,14,16.0,38.0,2,2
6943ef8c35996ea66e719fe0,1766059916.150000,7,12345678,1,de0f,10746,0,0.0,31860,0,0.0,2,"(0,1)",54,6,-11.0,23.5,-62,-55.3,14,16.0,38.0,2,2
6943ef8c35996ea66e719fe1,1766059916.200000,7,12345678,1,de0f,10746,0,0.0,31878,0,0.0,2,"(0,1)",54,6,-11.0,23.5,-62,-54.3,14,16.0,36.0,2,2
6943ef8c35996ea66e719fe2,1766059916.250000,7,12345678,1,de0f,10746,0,0.0,31878,0,0.0,2,"(0,1)",54,6,-11.0,23.5,-62,-54.3,14,16.0,36.0,2,2
6943ef8c35996ea66e719fe3,1766059916.300000,7,12345678,1,de0f,10788,0,0.0,31950,0,0.0,2,"(0,1)",54,6,-11.0,23.5,-58,-57.6,15,14.0,17.0,2,2
6943ef8c35996ea66e719fe4,1766059916.350000,7,12345678,1,de0f,10788,0,0.0,31950,0,0.0,2,"(0,1)",54,6,-11.0,23.5,-58,-57.6,15,14.0,17.0,2,2
6943ef8c35996ea66e719fe5,1766059916.400000,7,12345678,1,de0f,10788,0,0.0,31974,1,0.0,2,"(0,1)",54,6,-11.0,23.5,-58,-45.6,15,14.0,45.5,2,2
6943ef8c35996ea66e719fe6,1766059916.450000,7,12345678,1,de0f,10788,0,0.0,31974,1,0.0,2,"(0,1)",54,6,-11.0,23.5,-58,-45.6,15,14.0,45.5,2,2
6943ef8c35996ea66e719fe7,1766059916.500000,7,12345678,1,de0f,10788,0,0.0,31992,0,0.0,2,"(0,1)",54,6,-11.0,23.5,-58,-60.0,15,14.0,33.0,2,2
6943ef8d35996ea66e71a089,1766059916.550000,7,12345678,1,de0f,10788,0,0.0,31992,0,0.0,2,"(0,1)",54,6,-11.0,23.5,-58,-60.0,15,14.0,33.0,2,2
6943ef8d35996ea66e71a08a,1766059916.600000,7,12345678,1,de0f,10788,0,0.0,32010,0,0.0,2,"(0,1)",54,6,-11.0,23.5,-58,-51.6,15,14.0,39.5,2,2
6943ef8d35996ea66e71a08b,1766059916.650000,7,12345678,1,de0f,10788,0,0.0,32010,0,0.0,2,"(0,1)",54,6,-11.0,23.5,-58,-51.6,14,14.0,39.5,2,2
6943ef8d35996ea66e71a08c,1766059916.700000,7,12345678,1,de0f,10788,0,0.0,32028,0,0.0,2,"(0,1)",54,6,-11.0,23.5,-58,-48.3,15,14.0,44.0,2,2
6943ef8d35996ea66e71a08d,1766059916.750000,7,12345678,1,de0f,10830,0,0.0,32028,0,0.0,2,"(0,1)",54,6,-11.0,23.5,-58,-48.3,14,19.0,44.0,2,2
6943ef8d35996ea66e71a08e,1766059916.800000,7,12345678,1,de0f,10830,0,0.0,32046,0,0.0,2,"(0,1)",54,6,-11.0,23.5,-58,-48.1,14,19.0,44.0,2,2
6943ef8d35996ea66e71a08f,1766059916.850000,7,12345678,1,de0f,10830,0,0.0,32046,0,0.0,2,"(0,1)",54,6,-11.0,23.5,-58,-48.1,15,19.0,44.0,2,2
6943ef8d35996ea66e71a090,1766059916.900000,7,12345678,1,de0f,10830,0,0.0,32064,0,0.0,2,"(0,1)",54,6,-11.0,23.5,-58,-52.8,15,19.0,38.0,2,2
6943ef8d35996ea66e71a091,1766059916.950000,7,12345678,1,de0f,10830,0,0.0,32064,0,0.0,2,"(0,1)",54,6,-11.0,23.5,-58,-52.8,14,19.0,38.0,2,2
6943ef8d35996ea66e71a092,1766059917.000000,7,12345678,1,de0f,10830,0,0.0,32082,0,0.0,2,"(0,1)",54,6,-11.0,23.5,-58,-52.8,14,19.0,39.5,2,2
6943ef8d35996ea66e71a093,1766059917.050000,7,12345678,1,de0f,10830,0,0.0,32082,0,0.0,2,"(0,1)",54,6,-11.0,23.5,-58,-52.8,15,19.0,39.5,2,2
6943ef8d35996ea66e71a094,1766059917.100000,7,12345678,1,de0f,10830,0,0.0,32100,0,0.0,2,"(0,1)",54,6,-11.0,23.5,-58,-56.5,15,19.0,35.5,2,2
6943ef8d35996ea66e71a095,1766059917.150000,7,12345678,1,de0f,10830,0,0.0,32100,0,0.0,2,"(0,1)",54,6,-11.0,23.5,-58,-56.5,15,19.0,35.5,2,2
6943ef8d35996ea66e71a096,1766059917.200000,7,12345678,1,de0f,10830,0,0.0,32118,0,0.0,2,"(0,1)",54,6,-11.0,23.5,-58,-49.7,15,19.0,41.5,2,2
6943ef8d35996ea66e71a097,1766059917.250000,7,12345678,1,de0f,10830,0,0.0,32118,0,0.0,2,"(0,1)",54,6,-11.0,23.5,-58,-49.7,15,19.0,41.5,2,2
6943ef8d35996ea66e71a098,1766059917.300000,7,12345678,1,de0f,10830,0,0.0,32156,0,0.0,2,"(0,1)",54,6,-11.0,23.5,-58,-54.3,15,19.0,15.5,2,2
6943ef8d35996ea66e71a099,1766059917.350000,7,12345678,1,de0f,10872,0,0.0,32190,0,0.0,2,"(0,1)",54,6,-10.5,23.5,-65,-50.1,15,23.0,20.0,2,2
6943ef8d35996ea66e71a09a,1766059917.400000,7,12345678,1,de0f,10872,0,0.0,32214,1,0.0,2,"(0,1)",54,6,-10.5,23.5,-65,-50.9,15,23.0,39.5,2,2
6943ef8d35996ea66e71a09b,1766059917.450000,7,12345678,1,de0f,10872,0,0.0,32214,1,0.0,2,"(0,1)",54,6,-10.5,23.5,-65,-50.9,15,23.0,39.5,2,2
6943ef8e35996ea66e71a145,1766059917.500000,7,12345678,1,de0f,10872,0,0.0,32232,0,0.0,2,"(0,1)",54,6,-10.5,23.5,-65,-50.6,15,23.0,40.0,2,2
6943ef8e35996ea66e71a146,1766059917.550000,7,12345678,1,de0f,10872,0,0.0,32232,0,0.0,2,"(0,1)",54,6,-10.5,23.5,-65,-50.6,14,23.0,40.0,2,2
6943ef8e35996ea66e71a147,1766059917.600000,7,12345678,1,de0f,10872,0,0.0,32250,0,0.0,2,"(0,1)",54,6,-10.5,23.5,-65,-58.3,15,23.0,32.0,2,2
6943ef8e35996ea66e71a148,1766059917.650000,7,12345678,1,de0f,10872,0,0.0,32250,0,0.0,2,"(0,1)",54,6,-10.5,23.5,-65,-58.3,15,23.0,32.0,2,2
6943ef8e35996ea66e71a149,1766059917.700000,7,12345678,1,de0f,10872,0,0.0,32268,0,0.0,2,"(0,1)",54,6,-10.5,23.5,-65,-59.1,15,23.0,32.0,2,2
6943ef8e35996ea66e71a14a,1766059917.750000,7,12345678,1,de0f,10914,0,0.0,32268,0,0.0,2,"(0,1)",54,6,-10.5,23.5,-65,-59.1,15,23.0,32.0,2,2
6943ef8e35996ea66e71a14b,1766059917.800000,7,12345678,1,de0f,10914,0,0.0,32286,0,0.0,2,"(0,1)",54,6,-10.5,23.5,-65,-63.0,15,23.0,29.0,2,2
6943ef8e35996ea66e71a14c,1766059917.850000,7,12345678,1,de0f,10914,0,0.0,32286,0,0.0,2,"(0,1)",54,6,-10.5,23.5,-65,-63.0,15,23.0,29.0,2,2
6943ef8e35996ea66e71a14d,1766059917.900000,7,12345678,1,de0f,10914,0,0.0,32304,0,0.0,2,"(0,1)",54,6,-10.5,23.5,-65,-61.3,15,23.0,29.5,2,2
6943ef8e35996ea66e71a14e,1766059917.950000,7,12345678,1,de0f,10914,0,0.0,32304,0,0.0,2,"(0,1)",54,6,-10.5,23.5,-65,-61.3,15,23.0,29.5,2,2
6943ef8e35996ea66e71a14f,1766059918.000000,7,12345678,1,de0f,10914,0,0.0,32322,0,0.0,2,"(0,1)",54,6,-10.5,23.5,-65,-60.0,15,23.0,31.5,2,2
6943ef8e35996ea66e71a150,1766059918.050000,7,12345678,1,de0f,10914,0,0.0,32322,0,0.0,2,"(0,0)",54,6,-10.5,23.5,-65,-60.0,14,23.0,31.5,2,2
6943ef8e35996ea66e71a151,1766059918.100000,7,12345678,1,de0f,10914,0,0.0,32340,0,0.0,2,"(0,1)",54,6,-10.5,23.5,-65,-63.0,15,23.0,28.0,2,2
6943ef8e35996ea66e71a152,1766059918.150000,7,12345678,1,de0f,10914,0,0.0,32340,0,0.0,2,"(0,1)",54,6,-10.5,23.5,-65,-63.0,15,23.0,28.0,2,2
6943ef8e35996ea66e71a153,1766059918.200000,7,12345678,1,de0f,10914,0,0.0,32358,0,0.0,2,"(0,1)",54,6,-10.5,23.5,-65,-67.3,15,23.0,24.5,2,2
6943ef8e35996ea66e71a154,1766059918.250000,7,12345678,1,de0f,10914,0,0.0,32358,0,0.0,2,"(0,1)",54,6,-10.5,23.5,-65,-67.3,15,23.0,24.5,2,2
6943ef8e35996ea66e71a155,1766059918.300000,7,12345678,1,de0f,10914,0,0.0,32376,0,0.0,2,"(0,1)",54,6,-10.5,23.5,-65,-67.8,14,23.0,25.0,2,2
6943ef8e35996ea66e71a156,1766059918.350000,7,12345678,1,de0f,10956,0,0.0,32430,0,0.0,2,"(0,1)",54,6,-10.5,23.5,-65,-66.0,14,26.0,10.0,2,2
6943ef8e35996ea66e71a157,1766059918.400000,7,12345678,1,de0f,10956,0,0.0,32430,0,0.0,2,"(0,1)",54,6,-10.5,23.5,-65,-66.0,14,26.0,10.0,2,2
6943ef8e35996ea66e71a158,1766059918.450000,7,12345678,1,de0f,10956,0,0.0,32454,1,0.0,2,"(0,1)",54,6,-10.5,23.5,-65,-53.5,15,26.0,37.0,2,2
6943ef8e35996ea66e71a159,1766059918.500000,7,12345678,1,de0f,10956,0,0.0,32454,1,0.0,2,"(0,1)",54,6,-10.5,23.5,-65,-53.5,15,26.0,37.0,2,2
6943ef8f35996ea66e71a1fb,1766059918.550000,7,12345678,1,de0f,10956,0,0.0,32472,0,0.0,2,"(0,1)",54,6,-10.5,23.5,-65,-52.6,15,26.0,37.5,2,2
6943ef8f35996ea66e71a1fc,1766059918.600000,7,12345678,1,de0f,10956,0,0.0,32472,0,0.0,2,"(0,1)",54,6,-10.5,23.5,-65,-52.6,15,26.0,37.5,2,2
6943ef8f35996ea66e71a1fd,1766059918.650000,7,12345678,1,de0f,10956,0,0.0,32490,0,0.0,2,"(0,1)",54,6,-10.5,23.5,-65,-54.9,15,26.0,35.5,2,2
6943ef8f35996ea66e71a1fe,1766059918.700000,7,12345678,1,de0f,10956,0,0.0,32490,0,0.0,2,"(0,1)",54,6,-10.5,23.5,-65,-54.9,15,26.0,35.5,2,2
6943ef8f35996ea66e71a1ff,1766059918.750000,7,12345678,1,de0f,10998,0,0.0,32508,0,0.0,2,"(0,1)",54,6,-10.5,23.5,-65,-66.0,14,18.0,26.5,2,2
6943ef8f35996ea66e71a200,1766059918.800000,7,12345678,1,de0f,10998,0,0.0,32508,0,0.0,2,"(0,1)",54,6,-10.5,23.5,-65,-66.0,14,18.0,26.5,2,2
6943ef8f35996ea66e71a201,1766059918.850000,7,12345678,1,de0f,10998,0,0.0,32526,0,0.0,2,"(0,1)",54,6,-10.5,23.5,-65,-60.0,14,18.0,30.5,2,2
6943ef8f35996ea66e71a202,1766059918.900000,7,12345678,1,de0f,10998,0,0.0,32526,0,0.0,2,"(0,1)",54,6,-10.5,23.5,-65,-60.0,14,18.0,30.5,2,2
6943ef8f35996ea66e71a203,1766059918.950000,7,12345678,1,de0f,10998,0,0.0,32544,0,0.0,2,"(0,1)",54,6,-10.5,23.5,-65,-66.0,14,18.0,28.0,2,2
6943ef8f35996ea66e71a204,1766059919.000000,7,12345678,1,de0f,10998,0,0.0,32544,0,0.0,2,"(0,1)",54,6,-10.5,23.5,-65,-66.0,14,18.0,28.0,2,2
6943ef8f35996ea66e71a205,1766059919.050000,7,12345678,1,de0f,10998,0,0.0,32562,0,0.0,2,"(0,1)",54,6,-10.5,23.5,-65,-68.0,14,18.0,24.5,2,2
6943ef8f35996ea66e71a206,1766059919.100000,7,12345678,1,de0f,10998,0,0.0,32562,0,0.0,2,"(0,1)",54,6,-10.5,23.5,-65,-68.0,15,18.0,24.5,2,2
6943ef8f35996ea66e71a207,1766059919.150000,7,12345678,1,de0f,10998,0,0.0,32580,0,0.0,2,"(0,0)",60,6,-10.5,23.5,-65,-70.6,14,18.0,2.5,2,2
6943ef8f35996ea66e71a208,1766059919.200000,7,12345678,1,de0f,10998,0,0.0,32580,0,0.0,2,"(0,0)",60,6,-10.5,23.5,-65,-70.6,14,18.0,2.5,2,2
6943ef8f35996ea66e71a209,1766059919.250000,7,12345678,1,de0f,10998,0,0.0,32598,0,0.1,2,"(0,0)",60,6,-10.5,23.5,-65,-67.0,14,18.0,3.5,2,2
6943ef8f35996ea66e71a20a,1766059919.300000,7,12345678,1,de0f,10998,0,0.0,32598,0,0.1,2,"(0,1)",60,6,-10.5,23.5,-65,-67.0,14,18.0,3.5,2,2
6943ef8f35996ea66e71a20b,1766059919.350000,7,12345678,1,de0f,11040,0,0.0,32670,0,0.19,2,"(0,1)",54,6,-10.5,23.5,-69,-50.9,14,17.0,19.5,2,2
6943ef8f35996ea66e71a20c,1766059919.400000,7,12345678,1,de0f,11040,0,0.0,32670,0,0.19,2,"(0,1)",54,6,-10.5,23.5,-69,-50.9,14,17.0,19.5,2,2
6943ef8f35996ea66e71a20d,1766059919.450000,7,12345678,1,de0f,11040,0,0.0,32688,0,0.171,2,"(0,1)",54,6,-10.5,23.5,-69,-63.0,14,17.0,28.5,2,2
6943ef8f35996ea66e71a20e,1766059919.500000,7,12345678,1,de0f,11040,0,0.0,32688,0,0.171,2,"(0,1)",54,6,-10.5,23.5,-69,-63.0,14,17.0,28.5,2,2
6943ef9035996ea66e71a2a8,1766059919.550000,7,12345678,1,de0f,11040,0,0.0,32706,0,0.1539,2,"(0,1)",54,6,-10.5,23.5,-69,-66.0,14,17.0,25.5,2,2
6943ef9035996ea66e71a2a9,1766059919.600000,7,12345678,1,de0f,11040,0,0.0,32706,0,0.1539,2,"(0,1)",54,6,-10.5,23.5,-69,-66.0,14,17.0,25.5,2,2
6943ef9035996ea66e71a2aa,1766059919.650000,7,12345678,1,de0f,11040,0,0.0,32724,0,0.13851,2,"(0,1)",60,6,-10.5,23.5,-69,-69.6,14,17.0,1.5,2,2
6943ef9035996ea66e71a2ab,1766059919.700000,7,12345678,1,de0f,11040,0,0.0,32724,0,0.13851,2,"(0,1)",60,6,-10.5,23.5,-69,-69.6,14,17.0,1.5,2,2
6943ef9035996ea66e71a2ac,1766059919.750000,7,12345678,1,de0f,11082,0,0.0,32742,0,0.224659,2,"(0,1)",60,6,-10.5,23.5,-69,-69.6,15,16.0,3.0,2,2
6943ef9035996ea66e71a2ad,1766059919.800000,7,12345678,1,de0f,11082,0,0.0,32742,0,0.224659,2,"(0,1)",60,6,-10.5,23.5,-69,-69.6,15,16.0,3.0,2,2
6943ef9035996ea66e71a2ae,1766059919.850000,7,12345678,1,de0f,11082,0,0.0,32760,0,0.302193,2,"(0,1)",54,6,-10.5,23.5,-69,-66.0,15,16.0,26.5,2,2
6943ef9035996ea66e71a2af,1766059919.900000,7,12345678,1,de0f,11082,0,0.0,32760,0,0.302193,2,"(0,1)",54,6,-10.5,23.5,-69,-66.0,15,16.0,26.5,2,2
6943ef9035996ea66e71a2b0,1766059919.950000,7,12345678,1,de0f,11082,0,0.0,32778,0,0.271974,2,"(0,1)",60,6,-10.5,23.5,-69,-67.5,15,16.0,3.5,2,2
6943ef9035996ea66e71a2b1,1766059920.000000,7,12345678,1,de0f,11082,0,0.0,32778,0,0.271974,2,"(0,1)",60,6,-10.5,23.5,-69,-67.5,15,16.0,3.5,2,2
6943ef9035996ea66e71a2b2,1766059920.050000,7,12345678,1,de0f,11082,0,0.0,32796,0,0.344776,2,"(0,1)",54,6,-10.5,23.5,-69,-66.3,15,16.0,26.0,2,2
6943ef9035996ea66e71a2b3,1766059920.100000,7,12345678,1,de0f,11082,0,0.0,32796,0,0.344776,2,"(0,1)",54,6,-10.5,23.5,-69,-66.3,15,16.0,26.0,2,2
6943ef9035996ea66e71a2b4,1766059920.150000,7,12345678,1,de0f,11082,0,0.0,32814,0,0.310299,2,"(0,1)",54,6,-10.5,23.5,-69,-61.3,15,16.0,29.5,2,2
6943ef9035996ea66e71a2b5,1766059920.200000,7,12345678,1,de0f,11082,0,0.0,32814,0,0.310299,2,"(0,1)",54,6,-10.5,23.5,-69,-61.3,15,16.0,29.5,2,2
6943ef9035996ea66e71a2b6,1766059920.250000,7,12345678,1,de0f,11082,0,0.0,32832,0,0.279269,2,"(0,1)",54,6,-10.5,23.5,-69,-66.0,15,16.0,27.5,2,2
6943ef9035996ea66e71a2b7,1766059920.300000,7,12345678,1,de0f,11082,0,0.0,32832,0,0.279269,2,"(0,1)",54,6,-10.5,23.5,-69,-66.0,15,16.0,27.5,2,2
6943ef9035996ea66e71a2b8,1766059920.350000,7,12345678,1,de0f,11082,0,0.0,32850,0,0.251342,2,"(0,1)",54,6,-10.5,23.5,-69,-66.0,15,16.0,27.5,2,2
6943ef9035996ea66e71a2b9,1766059920.400000,7,12345678,1,de0f,11124,0,0.0,32904,0,0.251342,2,"(0,1)",54,6,-10.5,23.5,-69,-63.0,15,16.0,9.5,2,2
6943ef9035996ea66e71a2ba,1766059920.450000,7,12345678,1,de0f,11124,0,0.0,32904,0,0.251342,2,"(0,1)",54,6,-10.5,23.5,-69,-63.0,15,16.0,9.5,2,2
6943ef9035996ea66e71a2bb,1766059920.500000,7,12345678,1,de0f,11124,0,0.0,32922,0,0.226208,2,"(0,1)",48,6,-10.5,23.5,-69,-66.0,15,16.0,31.5,2,2
6943ef9035996ea66e71a2bc,1766059920.550000,7,12345678,1,de0f,11124,0,0.0,32922,0,0.226208,2,"(0,1)",48,6,-10.5,23.5,-69,-66.0,15,16.0,31.5,2,2
6943ef9135996ea66e71a387,1766059920.600000,7,12345678,1,de0f,11124,0,0.0,32940,0,0.203587,2,"(0,1)",50,6,-10.5,23.5,-69,-59.1,15,16.0,35.5,2,2
6943ef9135996ea66e71a388,1766059920.650000,7,12345678,1,de0f,11124,0,0.0,32940,0,0.203587,2,"(0,1)",50,6,-10.5,23.5,-69,-59.1,15,16.0,35.5,2,2
6943ef9135996ea66e71a389,1766059920.700000,7,12345678,1,de0f,11124,0,0.0,32958,0,0.183228,2,"(0,1)",50,6,-10.5,23.5,-69,-63.0,15,16.0,31.0,2,2
6943ef9135996ea66e71a38a,1766059920.750000,7,12345678,1,de0f,11166,0,0.0,32958,0,0.183228,2,"(0,1)",50,6,-10.5,23.5,-69,-63.0,15,14.0,31.0,2,2
6943ef9135996ea66e71a38b,1766059920.800000,7,12345678,1,de0f,11166,0,0.0,32976,0,0.164906,2,"(0,1)",52,6,-10.5,23.5,-69,-66.0,15,14.0,27.5,2,2
6943ef9135996ea66e71a38c,1766059920.850000,7,12345678,1,de0f,11166,0,0.0,32976,0,0.164906,2,"(0,1)",52,6,-10.5,23.5,-69,-66.0,15,14.0,27.5,2,2
6943ef9135996ea66e71a38d,1766059920.900000,7,12345678,1,de0f,11166,0,0.0,32994,0,0.148415,2,"(0,1)",52,6,-10.5,23.5,-69,-67.0,15,14.0,27.0,2,2
6943ef9135996ea66e71a38e,1766059920.950000,7,12345678,1,de0f,11166,0,0.0,32994,0,0.148415,2,"(0,1)",52,6,-10.5,23.5,-69,-67.0,15,14.0,27.0,2,2
6943ef9135996ea66e71a38f,1766059921.000000,7,12345678,1,de0f,11166,0,0.0,33012,0,0.133573,2,"(0,1)",54,6,-10.5,23.5,-69,-66.0,15,14.0,28.5,2,2
6943ef9135996ea66e71a390,1766059921.050000,7,12345678,1,de0f,11166,0,0.0,33012,0,0.133573,2,"(0,1)",54,6,-10.5,23.5,-69,-66.0,15,14.0,28.5,2,2
6943ef9135996ea66e71a391,1766059921.100000,7,12345678,1,de0f,11166,0,0.0,33030,0,0.120216,2,"(0,1)",54,6,-10.5,23.5,-69,-66.0,15,14.0,26.0,2,2
6943ef9135996ea66e71a392,1766059921.150000,7,12345678,1,de0f,11166,0,0.0,33030,0,0.120216,2,"(0,1)",54,6,-10.5,23.5,-69,-66.0,15,14.0,26.0,2,2
6943ef9135996ea66e71a393,1766059921.200000,7,12345678,1,de0f,11166,0,0.0,33048,0,0.108194,2,"(0,1)",54,6,-10.5,23.5,-69,-66.0,15,14.0,26.5,2,2
6943ef9135996ea66e71a394,1766059921.250000,7,12345678,1,de0f,11166,0,0.0,33048,0,0.108194,2,"(0,1)",54,6,-10.5,23.5,-69,-66.0,15,14.0,26.5,2,2
6943ef9135996ea66e71a395,1766059921.300000,7,12345678,1,de0f,11166,0,0.0,33066,0,0.097375,2,"(0,1)",54,6,-10.5,23.5,-69,-66.4,15,14.0,26.0,2,2
6943ef9135996ea66e71a396,1766059921.350000,7,12345678,1,de0f,11166,0,0.0,33066,0,0.097375,2,"(0,1)",54,6,-10.5,23.5,-69,-66.4,15,14.0,26.0,2,2
6943ef9135996ea66e71a397,1766059921.400000,7,12345678,1,de0f,11208,0,0.0,33138,0,0.087638,2,"(0,1)",54,6,-10.5,23.5,-66,-60.0,15,20.0,11.5,2,2
6943ef9135996ea66e71a398,1766059921.450000,7,12345678,1,de0f,11208,0,0.0,33138,0,0.087638,2,"(0,1)",54,6,-10.5,23.5,-66,-60.0,15,20.0,11.5,2,2
6943ef9135996ea66e71a399,1766059921.500000,7,12345678,1,de0f,11208,0,0.0,33156,0,0.078874,2,"(0,1)",50,6,-10.5,23.5,-66,-61.3,15,20.0,30.0,2,2
6943ef9135996ea66e71a39a,1766059921.550000,7,12345678,1,de0f,11208,0,0.0,33156,0,0.078874,2,"(0,1)",50,6,-10.5,23.5,-66,-61.3,15,20.0,30.0,2,2
6943ef9235996ea66e71a41d,1766059921.600000,7,12345678,1,de0f,11208,0,0.0,33174,0,0.070986,2,"(0,1)",50,6,-10.5,23.5,-66,-63.0,14,20.0,29.0,2,2
6943ef9235996ea66e71a41e,1766059921.650000,7,12345678,1,de0f,11208,0,0.0,33174,0,0.070986,2,"(0,1)",50,6,-10.5,23.5,-66,-63.0,14,20.0,29.0,2,2
6943ef9235996ea66e71a41f,1766059921.700000,7,12345678,1,de0f,11208,0,0.0,33192,0,0.063888,2,"(0,1)",50,6,-10.5,23.5,-66,-66.0,14,20.0,29.0,2,2
6943ef9235996ea66e71a420,1766059921.750000,7,12345678,1,de0f,11250,0,0.0,33192,0,0.063888,2,"(0,1)",50,6,-10.5,23.5,-66,-66.0,14,15.0,29.0,2,2
6943ef9235996ea66e71a421,1766059921.800000,7,12345678,1,de0f,11250,0,0.0,33210,0,0.057499,2,"(0,1)",52,6,-10.5,23.5,-66,-63.0,14,15.0,28.5,2,2
6943ef9235996ea66e71a422,1766059921.850000,7,12345678,1,de0f,11250,0,0.0,33210,0,0.057499,2,"(0,1)",52,6,-10.5,23.5,-66,-63.0,14,15.0,28.5,2,2
6943ef9235996ea66e71a423,1766059921.900000,7,12345678,1,de0f,11250,0,0.0,33228,0,0.051749,2,"(0,1)",50,6,-10.5,23.5,-66,-63.0,14,15.0,28.5,2,2
6943ef9235996ea66e71a424,1766059921.950000,7,12345678,1,de0f,11250,0,0.0,33228,0,0.051749,2,"(0,1)",50,6,-10.5,23.5,-66,-63.0,15,15.0,28.5,2,2
6943ef9235996ea66e71a425,1766059922.000000,7,12345678,1,de0f,11250,0,0.0,33246,0,0.046574,2,"(0,1)",50,6,-10.5,23.5,-66,-66.0,14,15.0,28.0,2,2
6943ef9235996ea66e71a426,1766059922.050000,7,12345678,1,de0f,11250,0,0.0,33246,0,0.046574,2,"(0,1)",50,6,-10.5,23.5,-66,-66.0,14,15.0,28.0,2,2
6943ef9235996ea66e71a427,1766059922.100000,7,12345678,1,de0f,11250,0,0.0,33264,0,0.041917,2,"(0,1)",60,6,-10.5,23.5,-66,-69.4,14,15.0,4.5,2,2
6943ef9235996ea66e71a428,1766059922.150000,7,12345678,1,de0f,11250,0,0.0,33264,0,0.041917,2,"(0,1)",60,6,-10.5,23.5,-66,-69.4,14,15.0,4.5,2,2
6943ef9235996ea66e71a429,1766059922.200000,7,12345678,1,de0f,11250,0,0.0,33282,0,0.137725,2,"(0,1)",52,6,-10.5,23.5,-66,-63.0,14,15.0,29.0,2,2
6943ef9235996ea66e71a42a,1766059922.250000,7,12345678,1,de0f,11250,0,0.0,33282,0,0.137725,2,"(0,1)",52,6,-10.5,23.5,-66,-63.0,14,15.0,29.0,2,2
6943ef9235996ea66e71a42b,1766059922.300000,7,12345678,1,de0f,11250,0,0.0,33300,0,0.123953,2,"(0,1)",54,6,-10.5,23.5,-66,-66.0,14,15.0,26.5,2,2
6943ef9235996ea66e71a42c,1766059922.350000,7,12345678,1,de0f,11250,0,0.0,33300,0,0.123953,2,"(0,1)",54,6,-10.5,23.5,-66,-66.0,14,15.0,26.5,2,2
6943ef9235996ea66e71a42d,1766059922.400000,7,12345678,1,de0f,11250,0,0.0,33338,0,0.111557,2,"(0,1)",54,6,-10.5,23.5,-66,-66.0,14,15.0,8.0,2,2
6943ef9235996ea66e71a42e,1766059922.450000,7,12345678,1,de0f,11292,0,0.0,33372,0,0.111557,2,"(0,1)",54,6,-10.5,23.5,-66,-58.3,14,21.0,12.5,2,2
6943ef9235996ea66e71a42f,1766059922.500000,7,12345678,1,de0f,11292,0,0.0,33390,0,0.100402,2,"(0,1)",48,6,-10.5,23.5,-66,-61.3,14,21.0,34.0,2,2
6943ef9235996ea66e71a430,1766059922.550000,7,12345678,1,de0f,11292,0,0.0,33390,0,0.100402,2,"(0,1)",48,6,-10.5,23.5,-66,-61.3,14,21.0,34.0,2,2
6943ef9235996ea66e71a431,1766059922.600000,7,12345678,1,de0f,11292,0,0.0,33408,0,0.090361,2,"(0,1)",50,6,-10.5,23.5,-66,-59.1,14,21.0,33.0,2,2
6943ef9335996ea66e71a4ea,1766059922.650000,7,12345678,1,de0f,11292,0,0.0,33408,0,0.090361,2,"(0,1)",50,6,-10.5,23.5,-66,-59.1,14,21.0,33.0,2,2
6943ef9335996ea66e71a4eb,1766059922.700000,7,12345678,1,de0f,11292,0,0.0,33426,0,0.081325,2,"(0,1)",50,6,-10.5,23.5,-66,-66.0,14,21.0,30.5,2,2
6943ef9335996ea66e71a4ec,1766059922.750000,7,12345678,1,de0f,11334,0,0.0,33426,0,0.081325,2,"(0,1)",50,6,-10.5,23.5,-66,-66.0,14,23.0,30.5,2,2
6943ef9335996ea66e71a4ed,1766059922.800000,7,12345678,1,de0f,11334,0,0.0,33444,0,0.073193,2,"(0,1)",50,6,-10.5,23.5,-66,-54.3,15,23.0,36.0,2,2
6943ef9335996ea66e71a4ee,1766059922.850000,7,12345678,1,de0f,11334,0,0.0,33444,0,0.073193,2,"(0,1)",50,6,-10.5,23.5,-66,-54.3,15,23.0,36.0,2,2
6943ef9335996ea66e71a4ef,1766059922.900000,7,12345678,1,de0f,11334,0,0.0,33462,0,0.065873,2,"(0,1)",52,6,-10.5,23.5,-66,-57.6,15,23.0,34.5,2,2
6943ef9335996ea66e71a4f0,1766059922.950000,7,12345678,1,de0f,11334,0,0.0,33462,0,0.065873,2,"(0,1)",52,6,-10.5,23.5,-66,-57.6,14,23.0,34.5,2,2
6943ef9335996ea66e71a4f1,1766059923.000000,7,12345678,1,de0f,11334,0,0.0,33480,0,0.059286,2,"(0,1)",52,6,-10.5,23.5,-66,-58.3,14,23.0,35.5,2,2
6943ef9335996ea66e71a4f2,1766059923.050000,7,12345678,1,de0f,11334,0,0.0,33480,0,0.059286,2,"(0,1)",52,6,-10.5,23.5,-66,-58.3,15,23.0,35.5,2,2
6943ef9335996ea66e71a4f3,1766059923.100000,7,12345678,1,de0f,11334,0,0.0,33498,0,0.053358,2,"(0,1)",52,6,-10.5,23.5,-66,-66.0,14,23.0,32.5,2,2
6943ef9335996ea66e71a4f4,1766059923.150000,7,12345678,1,de0f,11334,0,0.0,33498,0,0.053358,2,"(0,1)",52,6,-10.5,23.5,-66,-66.0,14,23.0,32.5,2,2
6943ef9335996ea66e71a4f5,1766059923.200000,7,12345678,1,de0f,11334,0,0.0,33516,0,0.048022,2,"(0,1)",54,6,-10.5,23.5,-66,-61.3,14,23.0,32.0,2,2
6943ef9335996ea66e71a4f6,1766059923.250000,7,12345678,1,de0f,11334,0,0.0,33516,0,0.048022,2,"(0,1)",54,6,-10.5,23.5,-66,-61.3,14,23.0,32.0,2,2
6943ef9335996ea66e71a4f7,1766059923.300000,7,12345678,1,de0f,11334,0,0.0,33534,0,0.04322,2,"(0,1)",54,6,-10.5,23.5,-66,-66.5,15,23.0,27.0,2,2
6943ef9335996ea66e71a4f8,1766059923.350000,7,12345678,1,de0f,11334,0,0.0,33534,0,0.04322,2,"(0,1)",54,6,-10.5,23.5,-66,-66.5,14,23.0,27.0,2,2
6943ef9335996ea66e71a4f9,1766059923.400000,7,12345678,1,de0f,11334,0,0.0,33552,0,0.038898,2,"(0,1)",54,6,-10.5,23.5,-66,-66.0,14,23.0,28.0,2,2
6943ef9335996ea66e71a4fa,1766059923.450000,7,12345678,1,de0f,11376,0,0.0,33606,0,0.038898,2,"(0,1)",54,6,-10.5,23.5,-67,-60.0,15,20.0,10.0,2,2
6943ef9335996ea66e71a4fb,1766059923.500000,7,12345678,1,de0f,11376,0,0.0,33606,0,0.038898,2,"(0,1)",54,6,-10.5,23.5,-67,-60.0,15,20.0,10.0,2,2
6943ef9435996ea66e71a5a3,1766059923.550000,7,12345678,1,de0f,11376,0,0.0,33630,1,0.035008,2,"(0,1)",46,6,-10.5,23.5,-67,-52.4,15,20.0,39.0,2,2
6943ef9435996ea66e71a5a4,1766059923.600000,7,12345678,1,de0f,11376,0,0.0,33630,1,0.035008,2,"(0,1)",46,6,-10.5,23.5,-67,-52.4,15,20.0,39.0,2,2
6943ef9435996ea66e71a5a5,1766059923.650000,7,12345678,1,de0f,11376,0,0.0,33648,0,0.031507,2,"(0,1)",48,6,-10.5,23.5,-67,-66.0,15,20.0,30.0,2,2
6943ef9435996ea66e71a5a6,1766059923.700000,7,12345678,1,de0f,11376,0,0.0,33648,0,0.031507,2,"(0,0)",48,6,-10.5,23.5,-67,-66.0,15,20.0,30.0,2,2
6943ef9435996ea66e71a5a7,1766059923.750000,7,12345678,1,de0f,11418,0,0.0,33666,0,0.028356,2,"(0,0)",48,6,-10.5,23.5,-67,-67.0,15,22.0,26.0,2,2
6943ef9435996ea66e71a5a8,1766059923.800000,7,12345678,1,de0f,11418,0,0.0,33666,0,0.028356,2,"(0,0)",48,6,-10.5,23.5,-67,-67.0,15,22.0,26.0,2,2
6943ef9435996ea66e71a5a9,1766059923.850000,7,12345678,1,de0f,11418,0,0.0,33684,0,0.025521,2,"(0,0)",56,6,-10.5,23.5,-67,-71.3,15,22.0,2.5,2,2
6943ef9435996ea66e71a5aa,1766059923.900000,7,12345678,1,de0f,11418,0,0.0,33684,0,0.025521,2,"(0,0)",56,6,-10.5,23.5,-67,-71.3,15,22.0,2.5,2,2
6943ef9435996ea66e71a5ab,1766059923.950000,7,12345678,1,de0f,11418,0,0.0,33702,0,0.122969,2,"(0,0)",46,6,-10.5,23.5,-67,-66.0,15,22.0,27.5,2,2
6943ef9435996ea66e71a5ac,1766059924.000000,7,12345678,1,de0f,11418,0,0.0,33702,0,0.122969,2,"(0,0)",46,6,-10.5,23.5,-67,-66.0,14,22.0,27.5,2,2
6943ef9435996ea66e71a5ad,1766059924.050000,7,12345678,1,de0f,11418,0,0.0,33720,0,0.110672,2,"(0,0)",46,6,-10.5,23.5,-67,-67.3,14,22.0,25.0,2,2
6943ef9435996ea66e71a5ae,1766059924.100000,7,12345678,1,de0f,11418,0,0.0,33720,0,0.110672,2,"(0,0)",46,6,-10.5,23.5,-67,-67.3,14,22.0,25.0,2,2
6943ef9435996ea66e71a5af,1766059924.150000,7,12345678,1,de0f,11418,0,0.0,33738,0,0.099605,2,"(0,1)",46,6,-10.5,23.5,-67,-72.1,14,22.0,26.0,2,2
6943ef9435996ea66e71a5b0,1766059924.200000,7,12345678,1,de0f,11418,0,0.0,33738,0,0.099605,2,"(0,1)",46,6,-10.5,23.5,-67,-72.1,14,22.0,26.0,2,2
6943ef9435996ea66e71a5b1,1766059924.250000,7,12345678,1,de0f,11418,0,0.0,33756,0,0.089644,2,"(0,1)",44,6,-10.5,23.5,-67,-67.4,14,22.0,24.5,2,2
6943ef9435996ea66e71a5b2,1766059924.300000,7,12345678,1,de0f,11418,0,0.0,33756,0,0.089644,2,"(0,1)",44,6,-10.5,23.5,-67,-67.4,14,22.0,24.5,2,2
6943ef9435996ea66e71a5b3,1766059924.350000,7,12345678,1,de0f,11418,0,0.0,33774,0,0.08068,2,"(0,1)",46,6,-10.5,23.5,-67,-61.3,14,22.0,30.5,2,2
6943ef9435996ea66e71a5b4,1766059924.400000,7,12345678,1,de0f,11418,0,0.0,33774,0,0.08068,2,"(0,1)",46,6,-10.5,23.5,-67,-61.3,14,22.0,30.5,2,2
6943ef9435996ea66e71a5b5,1766059924.450000,7,12345678,1,de0f,11460,0,0.0,33846,0,0.072612,2,"(0,1)",42,6,-10.5,23.5,-70,-55.3,14,24.0,16.0,2,2
6943ef9435996ea66e71a5b6,1766059924.500000,7,12345678,1,de0f,11460,0,0.0,33846,0,0.072612,2,"(0,1)",42,6,-10.5,23.5,-70,-55.3,14,24.0,16.0,2,2
6943ef9435996ea66e71a5b7,1766059924.550000,7,12345678,1,de0f,11460,0,0.0,33864,0,0.090351,2,"(0,1)",35,6,-10.5,23.5,-70,-57.0,14,24.0,36.5,2,2
6943ef9435996ea66e71a5b8,1766059924.600000,7,12345678,1,de0f,11460,0,0.0,33864,0,0.090351,2,"(0,1)",35,6,-10.5,23.5,-70,-57.0,14,24.0,36.5,2,2
6943ef9535996ea66e71a65e,1766059924.650000,7,12345678,1,de0f,11460,0,0.0,33882,0,0.081316,2,"(0,1)",36,6,-10.5,23.5,-70,-56.0,14,24.0,36.5,2,2
6943ef9535996ea66e71a65f,1766059924.700000,7,12345678,1,de0f,11460,0,0.0,33882,0,0.081316,2,"(0,1)",36,6,-10.5,23.5,-70,-56.0,14,24.0,36.5,2,2
6943ef9535996ea66e71a660,1766059924.750000,7,12345678,1,de0f,11502,0,0.0,33900,0,0.073184,2,"(0,1)",42,6,-10.5,23.5,-70,-59.1,15,14.0,31.5,2,2
6943ef9535996ea66e71a661,1766059924.800000,7,12345678,1,de0f,11502,0,0.0,33900,0,0.073184,2,"(0,1)",42,6,-10.5,23.5,-70,-59.1,15,14.0,31.5,2,2
6943ef9535996ea66e71a662,1766059924.850000,7,12345678,1,de0f,11502,0,0.0,33918,0,0.065866,2,"(0,1)",44,6,-10.5,23.5,-70,-66.0,15,14.0,27.5,2,2
6943ef9535996ea66e71a663,1766059924.900000,7,12345678,1,de0f,11502,0,0.0,33918,0,0.065866,2,"(0,1)",44,6,-10.5,23.5,-70,-66.0,15,14.0,27.5,2,2
6943ef9535996ea66e71a664,1766059924.950000,7,12345678,1,de0f,11502,0,0.0,33936,0,0.059279,2,"(0,1)",48,6,-10.5,23.5,-70,-66.0,15,14.0,28.5,2,2
6943ef9535996ea66e71a665,1766059925.000000,7,12345678,1,de0f,11502,0,0.0,33936,0,0.059279,2,"(0,1)",48,6,-10.5,23.5,-70,-66.0,15,14.0,28.5,2,2
6943ef9535996ea66e71a666,1766059925.050000,7,12345678,1,de0f,11502,0,0.0,33954,0,0.053351,2,"(0,1)",54,6,-10.5,23.5,-70,-71.2,15,14.0,1.5,2,2
6943ef9535996ea66e71a667,1766059925.100000,7,12345678,1,de0f,11502,0,0.0,33954,0,0.053351,2,"(0,1)",54,6,-10.5,23.5,-70,-71.2,14,14.0,1.5,2,2
6943ef9535996ea66e71a668,1766059925.150000,7,12345678,1,de0f,11502,0,0.0,33972,0,0.148016,2,"(0,1)",46,6,-10.5,23.5,-70,-71.0,14,14.0,24.5,2,2
6943ef9535996ea66e71a669,1766059925.200000,7,12345678,1,de0f,11502,0,0.0,33972,0,0.148016,2,"(0,1)",46,6,-10.5,23.5,-70,-71.0,14,14.0,24.5,2,2
6943ef9535996ea66e71a66a,1766059925.250000,7,12345678,1,de0f,11502,0,0.0,33990,0,0.133214,2,"(0,1)",46,6,-10.5,23.5,-70,-66.0,14,14.0,28.0,2,2
6943ef9535996ea66e71a66b,1766059925.300000,7,12345678,1,de0f,11502,0,0.0,33990,0,0.133214,2,"(0,1)",46,6,-10.5,23.5,-70,-66.0,14,14.0,28.0,2,2
6943ef9535996ea66e71a66c,1766059925.350000,7,12345678,1,de0f,11502,0,0.0,34008,0,0.119893,2,"(0,1)",46,6,-10.5,23.5,-70,-66.0,14,14.0,30.0,2,2
6943ef9535996ea66e71a66d,1766059925.400000,7,12345678,1,de0f,11502,0,0.0,34008,0,0.119893,2,"(0,1)",46,6,-10.5,23.5,-70,-66.0,14,14.0,30.0,2,2
6943ef9535996ea66e71a66e,1766059925.450000,7,12345678,1,de0f,11502,0,0.0,34026,0,0.107904,2,"(0,1)",58,6,-10.5,23.5,-70,-71.7,15,14.0,2.5,2,2
6943ef9535996ea66e71a66f,1766059925.500000,7,12345678,1,de0f,11544,0,0.0,34080,0,0.107904,2,"(0,1)",52,6,-10.5,23.5,-70,-61.3,15,21.0,12.0,2,2
6943ef9535996ea66e71a670,1766059925.550000,7,12345678,1,de0f,11544,0,0.0,34080,0,0.107904,2,"(0,1)",52,6,-10.5,23.5,-70,-61.3,14,21.0,12.0,2,2
6943ef9535996ea66e71a671,1766059925.600000,7,12345678,1,de0f,11544,0,0.0,34098,0,0.122113,2,"(0,1)",48,6,-10.5,23.5,-70,-66.0,14,21.0,26.0,2,2
6943ef9535996ea66e71a672,1766059925.650000,7,12345678,1,de0f,11544,0,0.0,34098,0,0.122113,2,"(0,0)",48,6,-10.5,23.5,-70,-66.0,14,21.0,26.0,2,2
6943ef9535996ea66e71a673,1766059925.700000,7,12345678,1,de0f,11544,0,0.0,34116,0,0.109902,2,"(0,1)",46,6,-10.5,23.5,-70,-59.1,15,21.0,32.5,2,2
6943ef9635996ea66e71a720,1766059925.750000,7,12345678,1,de0f,11586,0,0.0,34116,0,0.109902,2,"(0,1)",46,6,-10.5,23.5,-70,-59.1,15,19.0,32.5,2,2
6943ef9635996ea66e71a721,1766059925.800000,7,12345678,1,de0f,11586,0,0.0,34134,0,0.098912,2,"(0,1)",46,6,-10.5,23.5,-70,-63.0,15,19.0,28.5,2,2
6943ef9635996ea66e71a722,1766059925.850000,7,12345678,1,de0f,11586,0,0.0,34134,0,0.098912,2,"(0,1)",46,6,-10.5,23.5,-70,-63.0,14,19.0,28.5,2,2
6943ef9635996ea66e71a723,1766059925.900000,7,12345678,1,de0f,11586,0,0.0,34152,0,0.089021,2,"(0,1)",48,6,-10.5,23.5,-70,-66.0,14,19.0,25.5,2,2
6943ef9635996ea66e71a724,1766059925.950000,7,12345678,1,de0f,11586,0,0.0,34152,0,0.089021,2,"(0,1)",48,6,-10.5,23.5,-70,-66.0,15,19.0,25.5,2,2
6943ef9635996ea66e71a725,1766059926.000000,7,12345678,1,de0f,11586,0,0.0,34170,0,0.080119,2,"(0,1)",48,6,-10.5,23.5,-70,-66.0,14,19.0,27.5,2,2
6943ef9635996ea66e71a726,1766059926.050000,7,12345678,1,de0f,11586,0,0.0,34170,0,0.080119,2,"(0,0)",48,6,-10.5,23.5,-70,-66.0,14,19.0,27.5,2,2
6943ef9635996ea66e71a727,1766059926.100000,7,12345678,1,de0f,11586,0,0.0,34188,0,0.072107,2,"(0,0)",48,6,-10.5,23.5,-70,-66.4,14,19.0,26.5,2,2
6943ef9635996ea66e71a728,1766059926.150000,7,12345678,1,de0f,11586,0,0.0,34188,0,0.072107,2,"(0,0)",48,6,-10.5,23.5,-70,-66.4,14,19.0,26.5,2,2
6943ef9635996ea66e71a729,1766059926.200000,7,12345678,1,de0f,11586,0,0.0,34206,0,0.064896,2,"(0,0)",48,6,-10.5,23.5,-70,-63.0,14,19.0,29.0,2,2
6943ef9635996ea66e71a72a,1766059926.250000,7,12345678,1,de0f,11586,0,0.0,34206,0,0.064896,2,"(0,0)",48,6,-10.5,23.5,-70,-63.0,14,19.0,29.0,2,2
6943ef9635996ea66e71a72b,1766059926.300000,7,12345678,1,de0f,11586,0,0.0,34224,0,0.058406,2,"(0,0)",48,6,-10.5,23.5,-70,-66.4,14,19.0,26.0,2,2
6943ef9635996ea66e71a72c,1766059926.350000,7,12345678,1,de0f,11586,0,0.0,34224,0,0.058406,2,"(0,0)",48,6,-10.5,23.5,-70,-66.4,14,19.0,26.0,2,2
6943ef9635996ea66e71a72d,1766059926.400000,7,12345678,1,de0f,11586,0,0.0,34242,0,0.052566,2,"(0,0)",48,6,-10.5,23.5,-70,-66.2,14,19.0,28.5,2,2
6943ef9635996ea66e71a72e,1766059926.450000,7,12345678,1,de0f,11586,0,0.0,34242,0,0.052566,2,"(0,0)",48,6,-10.5,23.5,-70,-66.2,14,19.0,28.5,2,2
6943ef9635996ea66e71a72f,1766059926.500000,7,12345678,1,de0f,11628,0,0.0,34314,0,0.047309,2,"(0,1)",50,6,-10.5,23.5,-66,-68.7,14,19.0,4.0,2,2
6943ef9635996ea66e71a730,1766059926.550000,7,12345678,1,de0f,11628,0,0.0,34314,0,0.047309,2,"(0,1)",50,6,-10.5,23.5,-66,-68.7,14,19.0,4.0,2,2
6943ef9635996ea66e71a731,1766059926.600000,7,12345678,1,de0f,11628,0,0.0,34338,1,0.042578,2,"(0,1)",40,6,-10.5,23.5,-66,-66.0,14,19.0,32.5,2,2
6943ef9635996ea66e71a732,1766059926.650000,7,12345678,1,de0f,11628,0,0.0,34338,1,0.042578,2,"(0,1)",40,6,-10.5,23.5,-66,-66.0,14,19.0,32.5,2,2
6943ef9635996ea66e71a733,1766059926.700000,7,12345678,1,de0f,11628,0,0.0,34356,0,0.03832,2,"(0,1)",46,6,-10.5,23.5,-66,-67.1,15,19.0,32.0,2,2
6943ef9635996ea66e71a734,1766059926.750000,7,12345678,1,de0f,11670,0,0.0,34356,0,0.03832,2,"(0,0)",46,6,-10.5,23.5,-66,-67.1,14,25.0,32.0,2,2
6943ef9635996ea66e71a735,1766059926.800000,7,12345678,1,de0f,11670,0,0.0,34374,0,0.034488,2,"(0,0)",46,6,-10.5,23.5,-66,-61.3,14,25.0,33.5,2,2
6943ef9835996ea66e71a7fc,1766059926.850000,7,12345678,1,de0f,11670,0,0.0,34374,0,0.034488,2,"(0,0)",46,6,-10.5,23.5,-66,-61.3,14,25.0,33.5,2,2
6943ef9835996ea66e71a7fd,1766059926.900000,7,12345678,1,de0f,11670,0,0.0,34392,0,0.03104,2,"(0,1)",46,6,-10.5,23.5,-66,-61.3,14,25.0,34.0,2,2
6943ef9835996ea66e71a7fe,1766059926.950000,7,12345678,1,de0f,11670,0,0.0,34392,0,0.03104,2,"(0,1)",46,6,-10.5,23.5,-66,-61.3,14,25.0,34.0,2,2
6943ef9835996ea66e71a7ff,1766059927.000000,7,12345678,1,de0f,11670,0,0.0,34410,0,0.027936,2,"(0,1)",46,6,-10.5,23.5,-66,-61.3,14,25.0,34.5,2,2
6943ef9835996ea66e71a800,1766059927.050000,7,12345678,1,de0f,11670,0,0.0,34410,0,0.027936,2,"(0,1)",46,6,-10.5,23.5,-66,-61.3,14,25.0,34.5,2,2
6943ef9835996ea66e71a801,1766059927.100000,7,12345678,1,de0f,11670,0,0.0,34428,0,0.025142,2,"(0,1)",54,6,-10.5,23.5,-66,-70.7,14,25.0,25.5,2,2
6943ef9835996ea66e71a802,1766059927.150000,7,12345678,1,de0f,11670,0,0.0,34428,0,0.025142,2,"(0,1)",54,6,-10.5,23.5,-66,-70.7,14,25.0,25.5,2,2
6943ef9835996ea66e71a803,1766059927.200000,7,12345678,1,de0f,11670,0,0.0,34446,0,0.022628,2,"(0,1)",54,6,-10.5,23.5,-66,-71.1,14,25.0,25.0,2,2
6943ef9835996ea66e71a804,1766059927.250000,7,12345678,1,de0f,11670,0,0.0,34446,0,0.022628,2,"(0,1)",54,6,-10.5,23.5,-66,-71.1,14,25.0,25.0,2,2
6943ef9835996ea66e71a805,1766059927.300000,7,12345678,1,de0f,11670,0,0.0,34464,0,0.020365,2,"(0,1)",52,6,-10.5,23.5,-66,-51.4,14,25.0,42.5,2,2
6943ef9835996ea66e71a806,1766059927.350000,7,12345678,1,de0f,11670,0,0.0,34464,0,0.020365,2,"(0,1)",52,6,-10.5,23.5,-66,-51.4,14,25.0,42.5,2,2
6943ef9835996ea66e71a807,1766059927.400000,7,12345678,1,de0f,11670,0,0.0,34482,0,0.018329,2,"(0,0)",54,6,-10.5,23.5,-66,-57.6,14,25.0,38.5,2,2
6943ef9835996ea66e71a808,1766059927.450000,7,12345678,1,de0f,11670,0,0.0,34482,0,0.018329,2,"(0,0)",54,6,-10.5,23.5,-66,-57.6,14,25.0,38.5,2,2
6943ef9835996ea66e71a809,1766059927.500000,7,12345678,1,de0f,11670,0,0.0,34520,0,0.016496,2,"(0,0)",54,6,-10.5,23.5,-66,-55.6,14,25.0,19.0,2,2
6943ef9835996ea66e71a80a,1766059927.550000,7,12345678,1,de0f,11712,0,0.0,34554,0,0.016496,2,"(0,0)",54,6,-11.0,23.5,-63,-59.1,14,15.0,14.5,2,2
6943ef9835996ea66e71a80b,1766059927.600000,7,12345678,1,de0f,11712,0,0.0,34578,1,0.014846,2,"(0,0)",52,6,-11.0,23.5,-63,-53.0,14,15.0,37.5,2,2
6943ef9835996ea66e71a80c,1766059927.650000,7,12345678,1,de0f,11712,0,0.0,34578,1,0.014846,2,"(0,1)",52,6,-11.0,23.5,-63,-53.0,14,15.0,37.5,2,2
6943ef9835996ea66e71a80d,1766059927.700000,7,12345678,1,de0f,11712,0,0.0,34596,0,0.013362,2,"(0,1)",54,6,-11.0,23.5,-63,-57.6,14,15.0,33.5,2,2
6943ef9835996ea66e71a80e,1766059927.750000,7,12345678,1,de0f,11754,0,0.0,34596,0,0.013362,2,"(0,1)",54,6,-11.0,23.5,-63,-57.6,14,20.0,33.5,2,2
6943ef9835996ea66e71a80f,1766059927.800000,7,12345678,1,de0f,11754,0,0.0,34614,0,0.012025,2,"(0,1)",54,6,-11.0,23.5,-63,-57.6,14,20.0,35.5,2,2
6943ef9835996ea66e71a810,1766059927.850000,7,12345678,1,de0f,11754,0,0.0,34614,0,0.012025,2,"(0,1)",54,6,-11.0,23.5,-63,-57.6,14,20.0,35.5,2,2
6943ef9935996ea66e71a8b9,1766059927.900000,7,12345678,1,de0f,11754,0,0.0,34632,0,0.010823,2,"(0,1)",54,6,-11.0,23.5,-63,-66.0,14,20.0,30.0,2,2
6943ef9935996ea66e71a8ba,1766059927.950000,7,12345678,1,de0f,11754,0,0.0,34632,0,0.010823,2,"(0,1)",54,6,-11.0,23.5,-63,-66.0,14,20.0,30.0,2,2
6943ef9935996ea66e71a8bb,1766059928.000000,7,12345678,1,de0f,11754,0,0.0,34650,0,0.009741,2,"(0,1)",54,6,-11.0,23.5,-63,-67.7,14,20.0,26.0,2,2
6943ef9935996ea66e71a8bc,1766059928.050000,7,12345678,1,de0f,11754,0,0.0,34650,0,0.009741,2,"(0,1)",54,6,-11.0,23.5,-63,-67.7,14,20.0,26.0,2,2
6943ef9935996ea66e71a8bd,1766059928.100000,7,12345678,1,de0f,11754,0,0.0,34668,0,0.008766,2,"(0,1)",54,6,-11.0,23.5,-63,-66.3,14,20.0,27.0,2,2
6943ef9935996ea66e71a8be,1766059928.150000,7,12345678,1,de0f,11754,0,0.0,34668,0,0.008766,2,"(0,1)",54,6,-11.0,23.5,-63,-66.3,14,20.0,27.0,2,2
6943ef9935996ea66e71a8bf,1766059928.200000,7,12345678,1,de0f,11754,0,0.0,34686,0,0.00789,2,"(0,1)",54,6,-11.0,23.5,-63,-67.2,14,20.0,26.0,2,2
6943ef9935996ea66e71a8c0,1766059928.250000,7,12345678,1,de0f,11754,0,0.0,34686,0,0.00789,2,"(0,1)",54,6,-11.0,23.5,-63,-67.2,14,20.0,26.0,2,2
6943ef9935996ea66e71a8c1,1766059928.300000,7,12345678,1,de0f,11754,0,0.0,34704,0,0.007101,2,"(0,1)",54,6,-11.0,23.5,-63,-56.0,14,20.0,34.5,2,2
6943ef9935996ea66e71a8c2,1766059928.350000,7,12345678,1,de0f,11754,0,0.0,34704,0,0.007101,2,"(0,1)",54,6,-11.0,23.5,-63,-56.0,15,20.0,34.5,2,2
6943ef9935996ea66e71a8c3,1766059928.400000,7,12345678,1,de0f,11754,0,0.0,34722,0,0.006391,2,"(0,1)",54,6,-11.0,23.5,-63,-56.5,15,20.0,34.0,2,2
6943ef9935996ea66e71a8c4,1766059928.450000,7,12345678,1,de0f,11754,0,0.0,34722,0,0.006391,2,"(0,1)",54,6,-11.0,23.5,-63,-56.5,15,20.0,34.0,2,2
6943ef9935996ea66e71a8c5,1766059928.500000,7,12345678,1,de0f,11754,0,0.0,34740,0,0.005752,2,"(0,1)",54,6,-11.0,23.5,-63,-58.3,15,20.0,33.0,2,2
6943ef9935996ea66e71a8c6,1766059928.550000,7,12345678,1,de0f,11796,0,0.0,34794,0,0.005752,2,"(0,1)",54,6,-11.0,23.5,-57,-59.1,15,12.0,14.5,2,2
6943ef9935996ea66e71a8c7,1766059928.600000,7,12345678,1,de0f,11796,0,0.0,34794,0,0.005752,2,"(0,1)",54,6,-11.0,23.5,-57,-59.1,15,12.0,14.5,2,2
6943ef9935996ea66e71a8c8,1766059928.650000,7,12345678,1,de0f,11796,0,0.0,34818,1,0.005177,2,"(0,1)",54,6,-11.0,23.5,-57,-57.6,15,12.0,34.0,2,2
6943ef9935996ea66e71a8c9,1766059928.700000,7,12345678,1,de0f,11796,0,0.0,34818,1,0.005177,2,"(0,1)",54,6,-11.0,23.5,-57,-57.6,15,12.0,34.0,2,2
6943ef9935996ea66e71a8ca,1766059928.750000,7,12345678,1,de0f,11838,0,0.0,34836,0,0.004659,2,"(0,1)",54,6,-11.0,23.5,-57,-57.6,15,15.0,35.0,2,2
6943ef9935996ea66e71a8cb,1766059928.800000,7,12345678,1,de0f,11838,0,0.0,34836,0,0.004659,2,"(0,1)",54,6,-11.0,23.5,-57,-57.6,15,15.0,35.0,2,2
6943ef9935996ea66e71a8cc,1766059928.850000,7,12345678,1,de0f,11838,0,0.0,34854,0,0.004193,2,"(0,1)",54,6,-11.0,23.5,-57,-57.6,15,15.0,35.0,2,2
6943ef9a35996ea66e71a96b,1766059928.900000,7,12345678,1,de0f,11838,0,0.0,34854,0,0.004193,2,"(0,1)",54,6,-11.0,23.5,-57,-57.6,15,15.0,35.0,2,2
6943ef9a35996ea66e71a96c,1766059928.950000,7,12345678,1,de0f,11838,0,0.0,34872,0,0.003774,2,"(0,1)",54,6,-11.0,23.5,-57,-58.3,14,15.0,33.0,2,2
6943ef9a35996ea66e71a96d,1766059929.000000,7,12345678,1,de0f,11838,0,0.0,34872,0,0.003774,2,"(0,1)",54,6,-11.0,23.5,-57,-58.3,14,15.0,33.0,2,2
6943ef9a35996ea66e71a96e,1766059929.050000,7,12345678,1,de0f,11838,0,0.0,34890,0,0.003396,2,"(0,1)",54,6,-11.0,23.5,-57,-63.0,14,15.0,31.5,2,2
6943ef9a35996ea66e71a96f,1766059929.100000,7,12345678,1,de0f,11838,0,0.0,34890,0,0.003396,2,"(0,1)",54,6,-11.0,23.5,-57,-63.0,14,15.0,31.5,2,2
6943ef9a35996ea66e71a970,1766059929.150000,7,12345678,1,de0f,11838,0,0.0,34908,0,0.003057,2,"(0,1)",54,6,-11.0,23.5,-57,-60.0,14,15.0,30.5,2,2
6943ef9a35996ea66e71a971,1766059929.200000,7,12345678,1,de0f,11838,0,0.0,34908,0,0.003057,2,"(0,1)",54,6,-11.0,23.5,-57,-60.0,14,15.0,30.5,2,2
6943ef9a35996ea66e71a972,1766059929.250000,7,12345678,1,de0f,11838,0,0.0,34926,0,0.002751,2,"(0,1)",54,6,-11.0,23.5,-57,-66.0,14,15.0,27.0,2,2
6943ef9a35996ea66e71a973,1766059929.300000,7,12345678,1,de0f,11838,0,0.0,34926,0,0.002751,2,"(0,1)",54,6,-11.0,23.5,-57,-66.0,15,15.0,27.0,2,2
6943ef9a35996ea66e71a974,1766059929.350000,7,12345678,1,de0f,11838,0,0.0,34944,0,0.002476,2,"(0,1)",54,6,-11.0,23.5,-57,-63.0,15,15.0,29.0,2,2
6943ef9a35996ea66e71a975,1766059929.400000,7,12345678,1,de0f,11838,0,0.0,34944,0,0.002476,2,"(0,1)",54,6,-11.0,23.5,-57,-63.0,15,15.0,29.0,2,2
6943ef9a35996ea66e71a976,1766059929.450000,7,12345678,1,de0f,11838,0,0.0,34962,0,0.002228,2,"(0,1)",54,6,-11.0,23.5,-57,-63.0,15,15.0,30.5,2,2
6943ef9a35996ea66e71a977,1766059929.500000,7,12345678,1,de0f,11838,0,0.0,34962,0,0.002228,2,"(0,1)",54,6,-11.0,23.5,-57,-63.0,15,15.0,30.5,2,2
6943ef9a35996ea66e71a978,1766059929.550000,7,12345678,1,de0f,11880,0,0.0,35034,0,0.002005,2,"(0,1)",54,6,-11.0,23.5,-56,-56.5,15,21.0,12.5,2,2
6943ef9a35996ea66e71a979,1766059929.600000,7,12345678,1,de0f,11880,0,0.0,35034,0,0.002005,2,"(0,1)",54,6,-11.0,23.5,-56,-56.5,15,21.0,12.5,2,2
6943ef9a35996ea66e71a97a,1766059929.650000,7,12345678,1,de0f,11880,0,0.0,35058,1,0.001805,2,"(0,1)",54,6,-11.0,23.5,-56,-54.9,15,21.0,36.5,2,2
6943ef9a35996ea66e71a97b,1766059929.700000,7,12345678,1,de0f,11880,0,0.0,35058,1,0.001805,2,"(0,1)",54,6,-11.0,23.5,-56,-54.9,15,21.0,36.5,2,2
6943ef9a35996ea66e71a97c,1766059929.750000,7,12345678,1,de0f,11922,0,0.0,35076,0,0.001624,2,"(0,1)",54,6,-11.0,23.5,-56,-59.1,15,14.0,36.0,2,2
6943ef9a35996ea66e71a97d,1766059929.800000,7,12345678,1,de0f,11922,0,0.0,35076,0,0.001624,2,"(0,1)",54,6,-11.0,23.5,-56,-59.1,15,14.0,36.0,2,2
6943ef9a35996ea66e71a97e,1766059929.850000,7,12345678,1,de0f,11922,0,0.0,35094,0,0.001462,2,"(0,1)",54,6,-11.0,23.5,-56,-57.6,15,14.0,35.5,2,2
6943ef9a35996ea66e71a97f,1766059929.900000,7,12345678,1,de0f,11922,0,0.0,35094,0,0.001462,2,"(0,1)",54,6,-11.0,23.5,-56,-57.6,15,14.0,35.5,2,2
6943ef9b35996ea66e71aa3b,1766059929.950000,7,12345678,1,de0f,11922,0,0.0,35112,0,0.001316,2,"(0,1)",54,6,-11.0,23.5,-56,-57.6,15,14.0,33.5,2,2
6943ef9b35996ea66e71aa3c,1766059930.000000,7,12345678,1,de0f,11922,0,0.0,35112,0,0.001316,2,"(0,1)",54,6,-11.0,23.5,-56,-57.6,15,14.0,33.5,2,2
6943ef9b35996ea66e71aa3d,1766059930.050000,7,12345678,1,de0f,11922,0,0.0,35130,0,0.001184,2,"(0,1)",54,6,-11.0,23.5,-56,-55.6,15,14.0,35.0,2,2
6943ef9b35996ea66e71aa3e,1766059930.100000,7,12345678,1,de0f,11922,0,0.0,35130,0,0.001184,2,"(0,1)",54,6,-11.0,23.5,-56,-55.6,15,14.0,35.0,2,2
6943ef9b35996ea66e71aa3f,1766059930.150000,7,12345678,1,de0f,11922,0,0.0,35148,0,0.001066,2,"(0,1)",54,6,-11.0,23.5,-56,-68.7,14,14.0,29.0,2,2
6943ef9b35996ea66e71aa40,1766059930.200000,7,12345678,1,de0f,11922,0,0.0,35148,0,0.001066,2,"(0,1)",54,6,-11.0,23.5,-56,-68.7,14,14.0,29.0,2,2
6943ef9b35996ea66e71aa41,1766059930.250000,7,12345678,1,de0f,11922,0,0.0,35166,0,0.000959,2,"(0,1)",54,6,-11.0,23.5,-56,-57.6,14,14.0,34.0,2,2
6943ef9b35996ea66e71aa42,1766059930.300000,7,12345678,1,de0f,11922,0,0.0,35166,0,0.000959,2,"(0,1)",54,6,-11.0,23.5,-56,-57.6,14,14.0,34.0,2,2
6943ef9b35996ea66e71aa43,1766059930.350000,7,12345678,1,de0f,11922,0,0.0,35184,0,0.000863,2,"(0,1)",54,6,-11.0,23.5,-56,-66.0,15,14.0,25.0,2,2
6943ef9b35996ea66e71aa44,1766059930.400000,7,12345678,1,de0f,11922,0,0.0,35184,0,0.000863,2,"(0,1)",54,6,-11.0,23.5,-56,-66.0,14,14.0,25.0,2,2
6943ef9b35996ea66e71aa45,1766059930.450000,7,12345678,1,de0f,11922,0,0.0,35202,0,0.000777,2,"(0,1)",54,6,-11.0,23.5,-56,-63.0,14,14.0,30.5,2,2
6943ef9b35996ea66e71aa46,1766059930.500000,7,12345678,1,de0f,11922,0,0.0,35202,0,0.000777,2,"(0,1)",54,6,-11.0,23.5,-56,-63.0,15,14.0,30.5,2,2
6943ef9b35996ea66e71aa47,1766059930.550000,7,12345678,1,de0f,11922,0,0.0,35220,0,0.000699,2,"(0,1)",54,6,-11.0,23.5,-56,-68.0,15,14.0,24.0,2,2
6943ef9b35996ea66e71aa48,1766059930.600000,7,12345678,1,de0f,11964,0,0.0,35260,0,0.000699,2,"(0,1)",54,6,-11.0,23.5,-56,-68.2,15,25.0,3.5,2,2
6943ef9b35996ea66e71aa49,1766059930.650000,7,12345678,1,de0f,12048,0,0.0,35280,0,0.000699,2,"(0,1)",54,6,-11.0,23.5,-55,-55.3,15,23.0,15.5,2,2
6943ef9b35996ea66e71aa4a,1766059930.700000,7,12345678,1,de0f,12048,0,0.0,35280,0,0.000699,2,"(0,1)",54,6,-11.0,23.5,-55,-55.3,15,23.0,15.5,2,2
6943ef9b35996ea66e71aa4b,1766059930.750000,7,12345678,1,de0f,12090,0,0.0,35304,1,0.020629,2,"(0,1)",60,6,-11.0,23.5,-55,-70.9,15,19.0,2.5,2,2
6943ef9b35996ea66e71aa4c,1766059930.800000,7,12345678,1,de0f,12090,0,0.0,35304,1,0.020629,2,"(0,1)",60,6,-11.0,23.5,-55,-70.9,15,19.0,2.5,2,2
6943ef9b35996ea66e71aa4d,1766059930.850000,7,12345678,1,de0f,12090,0,0.0,35322,0,0.118566,2,"(0,1)",54,6,-11.0,23.5,-55,-67.8,15,19.0,28.5,2,2
6943ef9b35996ea66e71aa4e,1766059930.900000,7,12345678,1,de0f,12090,0,0.0,35322,0,0.118566,2,"(0,1)",54,6,-11.0,23.5,-55,-67.8,15,19.0,28.5,2,2
6943ef9b35996ea66e71aa4f,1766059930.950000,7,12345678,1,de0f,12090,0,0.0,35340,0,0.10671,2,"(0,1)",54,6,-11.0,23.5,-55,-66.9,15,19.0,26.0,2,2
6943ef9b35996ea66e71aa50,1766059931.000000,7,12345678,1,de0f,12090,0,0.0,35340,0,0.10671,2,"(0,1)",54,6,-11.0,23.5,-55,-66.9,15,19.0,26.0,2,2
6943ef9c35996ea66e71ab00,1766059931.050000,7,12345678,1,de0f,12090,0,0.0,35358,0,0.096039,2,"(0,1)",54,6,-11.0,23.5,-55,-67.8,15,19.0,24.0,2,2
6943ef9c35996ea66e71ab01,1766059931.100000,7,12345678,1,de0f,12090,0,0.0,35358,0,0.096039,2,"(0,1)",54,6,-11.0,23.5,-55,-67.8,15,19.0,24.0,2,2
6943ef9c35996ea66e71ab02,1766059931.150000,7,12345678,1,de0f,12090,0,0.0,35376,0,0.086435,2,"(0,1)",54,6,-11.0,23.5,-55,-68.3,15,19.0,24.5,2,2
6943ef9c35996ea66e71ab03,1766059931.200000,7,12345678,1,de0f,12090,0,0.0,35376,0,0.086435,2,"(0,1)",54,6,-11.0,23.5,-55,-68.3,15,19.0,24.5,2,2
6943ef9c35996ea66e71ab04,1766059931.250000,7,12345678,1,de0f,12090,0,0.0,35394,0,0.077791,2,"(0,1)",54,6,-11.0,23.5,-55,-66.4,15,19.0,26.0,2,2
6943ef9c35996ea66e71ab05,1766059931.300000,7,12345678,1,de0f,12090,0,0.0,35394,0,0.077791,2,"(0,1)",54,6,-11.0,23.5,-55,-66.4,15,19.0,26.0,2,2
6943ef9c35996ea66e71ab06,1766059931.350000,7,12345678,1,de0f,12090,0,0.0,35412,0,0.070012,2,"(0,1)",54,6,-11.0,23.5,-55,-66.0,15,19.0,28.0,2,2
6943ef9c35996ea66e71ab07,1766059931.400000,7,12345678,1,de0f,12090,0,0.0,35412,0,0.070012,2,"(0,1)",54,6,-11.0,23.5,-55,-66.0,15,19.0,28.0,2,2
6943ef9c35996ea66e71ab08,1766059931.450000,7,12345678,1,de0f,12090,0,0.0,35430,0,0.063011,2,"(0,1)",54,6,-11.0,23.5,-55,-66.0,15,19.0,26.5,2,2
6943ef9c35996ea66e71ab09,1766059931.500000,7,12345678,1,de0f,12090,0,0.0,35430,0,0.063011,2,"(0,1)",54,6,-11.0,23.5,-55,-66.0,15,19.0,26.5,2,2
6943ef9c35996ea66e71ab0a,1766059931.550000,7,12345678,1,de0f,12090,0,0.0,35448,0,0.05671,2,"(0,1)",54,6,-11.0,23.5,-55,-66.6,15,19.0,27.5,2,2
6943ef9c35996ea66e71ab0b,1766059931.600000,7,12345678,1,de0f,12132,0,0.0,35502,0,0.05671,2,"(0,1)",54,6,-11.0,23.5,-53,-66.0,15,14.0,9.0,2,2
6943ef9c35996ea66e71ab0c,1766059931.650000,7,12345678,1,de0f,12132,0,0.0,35502,0,0.05671,2,"(0,1)",54,6,-11.0,23.5,-53,-66.0,15,14.0,9.0,2,2
6943ef9c35996ea66e71ab0d,1766059931.700000,7,12345678,1,de0f,12132,0,0.0,35520,0,0.051039,2,"(0,1)",54,6,-11.0,23.5,-53,-66.0,15,14.0,28.5,2,2
6943ef9c35996ea66e71ab0e,1766059931.750000,7,12345678,1,de0f,12174,0,0.0,35520,0,0.051039,2,"(0,1)",54,6,-11.0,23.5,-53,-66.0,15,15.0,28.5,2,2
6943ef9c35996ea66e71ab0f,1766059931.800000,7,12345678,1,de0f,12174,0,0.0,35538,0,0.045935,2,"(0,1)",54,6,-11.0,23.5,-53,-66.0,15,15.0,30.0,2,2
6943ef9c35996ea66e71ab10,1766059931.850000,7,12345678,1,de0f,12174,0,0.0,35538,0,0.045935,2,"(0,1)",54,6,-11.0,23.5,-53,-66.0,15,15.0,30.0,2,2
6943ef9c35996ea66e71ab11,1766059931.900000,7,12345678,1,de0f,12174,0,0.0,35556,0,0.041342,2,"(0,1)",54,6,-11.0,23.5,-53,-60.0,15,15.0,32.5,2,2
6943ef9c35996ea66e71ab12,1766059931.950000,7,12345678,1,de0f,12174,0,0.0,35556,0,0.041342,2,"(0,1)",54,6,-11.0,23.5,-53,-60.0,15,15.0,32.5,2,2
6943ef9c35996ea66e71ab13,1766059932.000000,7,12345678,1,de0f,12174,0,0.0,35574,0,0.037207,2,"(0,1)",54,6,-11.0,23.5,-53,-59.1,15,15.0,34.0,2,2
