timestamp,x,y,z
1766059903.384765,-3994.210079,-687.663630,-247.670239
1766059903.404766,-3993.924800,-689.263296,-247.823590
1766059903.424766,-3994.138502,-688.670424,-246.231785
1766059903.444766,-3993.883912,-690.054134,-246.163941
1766059903.464766,-3993.842447,-689.988260,-247.239486
1766059903.484766,-3994.060940,-689.291005,-246.521922
1766059903.504766,-3993.973798,-689.102558,-246.751075
1766059903.524765,-3994.107877,-688.759112,-246.105771
1766059903.544765,-3993.891285,-689.136268,-248.409497
1766059903.564765,-3994.253650,-688.159343,-246.177411
1766059903.584765,-3993.987679,-689.346624,-246.567058
1766059903.604765,-3993.649939,-690.341520,-249.055813
1766059903.624765,-3994.083133,-688.176718,-247.182304
1766059903.644766,-3994.123131,-688.372580,-246.185108
1766059903.664766,-3993.972233,-689.096743,-246.823658
1766059903.684766,-3994.325567,-687.303804,-246.445342
1766059903.704766,-3993.757139,-690.179826,-248.172471
1766059903.724766,-3994.198825,-688.542449,-246.288087
1766059903.744766,-3993.950030,-689.040942,-247.528977
1766059903.764766,-3994.000718,-689.318944,-246.627508
1766059903.784765,-3994.283230,-687.330933,-247.625170
1766059903.804765,-3993.832919,-690.154700,-248.173470
1766059903.824765,-3994.004024,-689.536510,-246.598374
1766059903.844765,-3993.980941,-689.193399,-247.499462
1766059903.864765,-3994.271735,-688.334359,-246.398969
1766059903.884765,-3994.155504,-688.552768,-246.945826
1766059903.904766,-3994.266334,-687.749164,-247.450003
1766059903.924766,-3994.492574,-686.576556,-246.225465
1766059903.944766,-3994.461219,-687.253069,-245.642487
1766059903.964766,-3994.544257,-686.828730,-245.376229
1766059903.984766,-3994.387942,-687.196194,-247.634207
1766059904.004766,-3994.145107,-688.466256,-247.186523
1766059904.024765,-3994.543735,-686.337029,-245.999638
1766059904.044765,-3994.053191,-689.340871,-245.733111
1766059904.064765,-3994.544908,-686.879050,-244.210122
1766059904.084765,-3994.222908,-688.673164,-245.239996
1766059904.104765,-3993.993310,-688.335789,-248.016827
1766059904.124765,-3993.614116,-691.299897,-246.786590
1766059904.144766,-3994.618571,-685.393977,-246.512164
1766059904.164766,-3994.282702,-688.179873,-244.495033
1766059904.184766,-3993.830655,-689.307119,-248.521610
1766059904.204766,-3994.416772,-687.912578,-244.224507
1766059904.224766,-3994.121787,-689.167392,-246.577414
1766059904.244766,-3994.440761,-687.373947,-245.806638
1766059904.264766,-3994.309119,-688.453285,-244.504122
1766059904.284765,-3994.174226,-688.183953,-246.448294
1766059904.304765,-3993.584056,-691.229009,-247.675115
1766059904.324765,-3993.822196,-690.061818,-246.246083
1766059904.344765,-3994.001366,-688.937869,-247.496530
1766059904.364765,-3993.942533,-689.849184,-246.227613
1766059904.384765,-3994.270774,-688.539673,-244.521324
1766059904.404766,-3994.172656,-688.315998,-247.063958
1766059904.424766,-3993.990937,-689.014417,-247.561632
1766059904.444766,-3993.886160,-689.291484,-247.564827
1766059904.464766,-3994.012280,-689.380682,-246.743681
1766059904.484766,-3993.945185,-689.515529,-246.679245
1766059904.504766,-3994.558528,-686.464474,-246.076944
1766059904.524765,-3994.033687,-689.255531,-246.584842
1766059904.544765,-3993.844432,-689.493392,-248.307292
1766059904.564765,-3993.836960,-690.320724,-246.220205
1766059904.584765,-3993.941886,-689.312407,-247.560573
1766059904.604765,-3994.251595,-687.734303,-246.931043
1766059904.624765,-3994.473357,-687.144675,-245.754386
1766059904.644766,-3993.689984,-691.129131,-247.575715
1766059904.664766,-3994.005574,-688.345973,-249.112174
1766059904.684766,-3994.205611,-687.553255,-247.786430
1766059904.704766,-3994.458847,-686.491164,-247.222670
1766059904.724766,-3994.166045,-687.395157,-249.449705
1766059904.744766,-3994.147210,-687.807914,-248.067982
1766059904.764766,-3993.996824,-689.250999,-246.564194
1766059904.784765,-3994.379900,-687.132215,-247.536042
1766059904.804765,-3994.013138,-689.143503,-247.553191
1766059904.824765,-3994.147174,-688.317979,-247.216891
1766059904.844765,-3993.924026,-689.775493,-247.037904
1766059904.864765,-3994.170822,-688.434835,-247.179818
1766059904.884765,-3994.519244,-686.932779,-245.577847
1766059904.904766,-3994.123301,-688.589877,-247.163309
1766059904.924766,-3994.418194,-687.470970,-245.339552
1766059904.944766,-3993.972372,-688.896407,-248.624709
1766059904.964766,-3994.018981,-688.219601,-249.125608
1766059904.984766,-3994.160990,-688.574179,-246.131539
1766059905.004766,-3994.247612,-687.579065,-247.656977
1766059905.024765,-3994.060573,-688.235411,-248.935621
1766059905.044765,-3994.002849,-688.553698,-248.941306
1766059905.064765,-3994.209351,-687.728977,-247.490908
1766059905.084765,-3994.162107,-688.024944,-247.111254
1766059905.104765,-3994.141133,-688.305982,-246.940376
1766059905.124765,-3994.280907,-687.056438,-247.615247
1766059905.144766,-3994.591992,-685.620789,-246.700645
1766059905.164766,-3994.129285,-688.220409,-247.261454
1766059905.184766,-3993.974916,-689.643455,-245.725505
1766059905.204766,-3993.979501,-689.541252,-245.693045
1766059905.224766,-3994.109091,-688.332209,-247.018028
1766059905.244766,-3994.162126,-688.241721,-247.115253
1766059905.264766,-3994.273288,-687.187991,-247.571619
1766059905.284765,-3994.282778,-687.051800,-247.703421
1766059905.304765,-3994.005785,-688.710747,-247.174780
1766059905.324765,-3993.926771,-689.376025,-246.824235
1766059905.344765,-3993.978934,-688.455982,-248.264432
1766059905.364765,-3993.912723,-689.960516,-246.272175
1766059905.384765,-3994.042050,-688.423977,-248.059992
1766059905.404766,-3994.358886,-686.742593,-247.105338
1766059905.424766,-3993.819706,-690.200279,-246.955699
1766059905.444766,-3993.836056,-688.952502,-249.453478
1766059905.464766,-3993.861038,-690.009924,-246.338301
1766059905.484766,-3993.970814,-688.503646,-248.849261
1766059905.504766,-3994.261446,-687.437369,-247.379719
1766059905.524765,-3993.889981,-689.406555,-247.713080
1766059905.544765,-3993.663728,-691.320420,-246.648805
1766059905.564765,-3994.342739,-687.376930,-246.628414
1766059905.584765,-3993.887025,-689.296790,-247.508168
1766059905.604765,-3993.974595,-688.193256,-249.018719
1766059905.624765,-3993.955143,-689.241995,-246.938352
1766059905.644766,-3993.996402,-688.163037,-248.932588
1766059905.664766,-3993.741753,-690.501800,-248.087608
1766059905.684766,-3993.842836,-690.003690,-247.159803
1766059905.704766,-3993.862295,-689.380461,-247.453874
1766059905.724766,-3993.925540,-689.351114,-246.825598
1766059905.744766,-3993.986597,-688.584922,-248.174820
1766059905.764766,-3993.947604,-688.994482,-248.230622
1766059905.784765,-3994.011302,-689.503412,-246.634473
1766059905.804765,-3994.340306,-687.441610,-247.470542
1766059905.824765,-3994.248241,-687.947314,-246.969574
1766059905.844765,-3993.917342,-690.615266,-245.173610
1766059905.864765,-3994.052882,-689.075082,-246.585062
1766059905.884765,-3994.390234,-687.682711,-245.740437
1766059905.904766,-3994.092314,-688.958278,-246.756769
1766059905.924766,-3994.061150,-689.153594,-246.785079
1766059905.944766,-3994.412583,-687.281467,-245.579327
1766059905.964766,-3993.869230,-689.530846,-247.580383
1766059905.984766,-3994.162293,-689.048415,-245.550224
1766059906.004766,-3994.142593,-689.218157,-245.627850
1766059906.024765,-3994.119339,-689.393100,-245.750538
1766059906.044765,-3994.012024,-689.805362,-246.145106
1766059906.064765,-3994.323889,-687.616464,-246.548165
1766059906.084765,-3993.820338,-689.987541,-247.103968
1766059906.104765,-3994.484462,-686.436237,-247.009299
1766059906.124765,-3994.104565,-688.575818,-247.128572
1766059906.144766,-3994.268123,-688.309990,-245.382384
1766059906.164766,-3993.875104,-690.355813,-246.450994
1766059906.184766,-3993.660566,-691.270099,-247.639422
1766059906.204766,-3994.259614,-688.002065,-245.991731
1766059906.224766,-3993.839508,-690.386106,-246.024356
1766059906.244766,-3994.066535,-689.098698,-245.512756
1766059906.264766,-3993.957122,-689.169665,-247.418523
1766059906.284765,-3993.912687,-689.936578,-247.096128
1766059906.304765,-3993.933560,-689.337071,-248.454184
1766059906.324765,-3994.372707,-687.283405,-247.393964
1766059906.344765,-3994.502782,-686.989883,-246.460454
1766059906.364765,-3994.052516,-689.146353,-247.555968
1766059906.384765,-3993.802796,-690.161868,-248.076094
1766059906.404766,-3994.007684,-689.251157,-246.770361
1766059906.424766,-3994.010037,-689.395222,-247.529881
1766059906.444766,-3994.307656,-687.660607,-247.606666
1766059906.464766,-3994.685135,-685.922314,-245.936909
1766059906.484766,-3993.919758,-690.227009,-245.998940
1766059906.504766,-3994.258115,-687.548510,-247.708700
1766059906.524765,-3993.626511,-690.921000,-248.524326
1766059906.544765,-3994.177289,-688.448820,-247.103715
1766059906.564765,-3994.293764,-688.347665,-245.042971
1766059906.584765,-3994.200694,-688.134364,-247.998850
1766059906.604765,-3994.177425,-689.157712,-244.682606
1766059906.624765,-3994.232873,-687.488601,-247.785995
1766059906.644766,-3993.797532,-689.976812,-248.002058
1766059906.664766,-3993.935971,-688.727582,-249.162126
1766059906.684766,-3994.051293,-689.218600,-246.628780
1766059906.704766,-3994.376188,-687.213118,-247.400976
1766059906.724766,-3994.655607,-686.488230,-245.043562
1766059906.744766,-3994.009492,-688.305730,-248.228807
1766059906.764766,-3993.812156,-689.444232,-248.668019
1766059906.784765,-3994.022079,-688.368050,-248.157172
1766059906.804765,-3993.963549,-688.958114,-247.444599
1766059906.824765,-3994.141086,-688.205118,-248.150501
1766059906.844765,-3994.309744,-687.413845,-246.628709
1766059906.864765,-3993.904706,-689.035702,-247.621709
1766059906.884765,-3994.181463,-687.500589,-248.335666
1766059906.904766,-3993.902838,-689.358155,-248.366053
1766059906.924766,-3993.956416,-688.971646,-247.354885
1766059906.944766,-3993.857367,-689.338024,-249.332410
1766059906.964766,-3993.922463,-689.482662,-246.722731
1766059906.984766,-3994.269539,-687.265128,-247.632123
1766059907.004766,-3994.302029,-688.023672,-246.061735
1766059907.024765,-3993.792263,-690.552302,-246.328070
1766059907.044765,-3994.001685,-689.238061,-246.652757
1766059907.064765,-3994.042824,-689.168978,-247.437005
1766059907.084765,-3994.473408,-686.913873,-246.484330
1766059907.104765,-3994.338898,-687.967387,-246.065957
1766059907.124765,-3993.854211,-690.190979,-246.372922
1766059907.144766,-3994.313647,-687.082652,-246.681815
1766059907.164766,-3994.019956,-689.657619,-245.842937
1766059907.184766,-3994.068607,-688.070652,-248.804672
1766059907.204766,-3994.238015,-688.289445,-247.158910
1766059907.224766,-3994.338476,-687.445303,-247.366682
1766059907.244766,-3994.067965,-689.295330,-246.829337
1766059907.264766,-3994.439221,-687.225642,-245.723499
1766059907.284765,-3993.996752,-689.389211,-246.488771
1766059907.304765,-3994.261237,-687.767315,-246.693126
1766059907.324765,-3994.305503,-687.596950,-246.931687
1766059907.344765,-3994.206880,-688.368793,-247.087338
1766059907.364765,-3993.861184,-690.301711,-247.168301
1766059907.384765,-3993.837904,-690.243556,-247.080953
1766059907.404766,-3994.253483,-686.894130,-248.821749
1766059907.424766,-3994.407244,-686.162804,-247.944053
1766059907.444766,-3993.971480,-688.618697,-248.953306
1766059907.464766,-3994.125200,-688.390023,-247.831698
1766059907.484766,-3993.925807,-689.473443,-247.706110
1766059907.504766,-3994.028988,-688.223859,-249.033398
1766059907.524765,-3994.135851,-688.460531,-247.046956
1766059907.544765,-3994.474963,-686.409596,-248.042509
1766059907.564765,-3993.548112,-691.447352,-248.451945
1766059907.584765,-3994.468901,-687.345218,-246.464295
1766059907.604765,-3994.201683,-688.729473,-246.326029
1766059907.624765,-3993.582778,-691.493990,-247.653026
1766059907.644766,-3994.241648,-687.204643,-248.361011
1766059907.664766,-3994.344091,-687.510165,-245.887753
1766059907.684766,-3994.459858,-686.357504,-247.087145
1766059907.704766,-3993.985395,-688.541419,-249.043124
1766059907.724766,-3993.844623,-690.478514,-246.271031
1766059907.744766,-3993.688447,-690.563073,-247.200291
1766059907.764766,-3993.978007,-689.268628,-246.742782
1766059907.784765,-3993.928665,-689.559499,-246.621698
1766059907.804765,-3993.841739,-689.012446,-248.497487
1766059907.824765,-3993.947751,-689.274989,-246.796403
1766059907.844765,-3994.169906,-688.569101,-245.440671
1766059907.864765,-3993.955485,-689.458048,-246.789090
1766059907.884765,-3994.220212,-687.827924,-247.199715
1766059907.904766,-3994.012315,-689.379652,-245.672137
1766059907.924766,-3994.159451,-688.426007,-246.192044
1766059907.944766,-3994.134998,-688.761578,-246.161370
1766059907.964766,-3994.734416,-684.312358,-248.094464
1766059907.984766,-3994.330624,-687.649517,-246.730460
1766059908.004766,-3994.598415,-685.675310,-247.532283
1766059908.024765,-3994.333023,-687.519719,-246.743201
1766059908.044765,-3993.928003,-689.364862,-246.493622
1766059908.064765,-3994.056197,-689.136352,-245.524123
1766059908.084765,-3993.897955,-688.986680,-248.534858
1766059908.104765,-3994.119893,-688.323611,-247.158866
1766059908.124765,-3993.699681,-689.984939,-248.978899
1766059908.144766,-3994.225606,-688.236890,-246.287946
1766059908.164766,-3993.864441,-688.521325,-249.109286
1766059908.184766,-3993.821467,-689.219464,-248.559698
1766059908.204766,-3994.258938,-687.533516,-246.690255
1766059908.224766,-3993.891814,-689.493742,-247.755352
1766059908.244766,-3994.031680,-688.490351,-248.057251
1766059908.264766,-3994.019030,-688.540805,-248.232940
1766059908.284765,-3994.047803,-689.357805,-245.710560
1766059908.304765,-3994.307290,-687.570519,-245.874714
1766059908.324765,-3994.124427,-688.531203,-246.201012
1766059908.344765,-3993.590682,-691.125071,-247.663751
1766059908.364765,-3993.852304,-689.288009,-248.589525
1766059908.384765,-3993.845515,-689.441016,-247.641984
1766059908.404766,-3994.007879,-688.434589,-248.192492
1766059908.424766,-3993.969907,-688.978030,-247.753573
1766059908.444766,-3993.977514,-688.524807,-248.021877
1766059908.464766,-3993.619511,-690.374366,-248.232119
1766059908.484766,-3993.940129,-688.492126,-248.963188
1766059908.504766,-3994.181590,-688.050910,-247.113303
1766059908.524765,-3994.153389,-688.212086,-247.152710
1766059908.544765,-3994.399674,-686.347977,-247.335633
1766059908.564765,-3994.099043,-688.143974,-247.373019
1766059908.584765,-3993.890205,-689.247154,-247.429342
1766059908.604765,-3994.029269,-688.632655,-247.295921
1766059908.624765,-3994.150872,-688.592840,-246.372852
1766059908.644766,-3993.561812,-692.068949,-246.434143
1766059908.664766,-3993.920772,-689.909831,-246.346699
1766059908.684766,-3994.047517,-689.017059,-246.761734
1766059908.704766,-3994.162187,-688.020713,-247.010111
1766059908.724766,-3993.409098,-691.829109,-248.122115
1766059908.744766,-3993.899386,-689.135537,-247.705807
1766059908.764766,-3994.256643,-686.819628,-248.515298
1766059908.784765,-3994.121494,-688.622195,-246.307476
1766059908.804765,-3994.248302,-687.677526,-246.777834
1766059908.824765,-3993.993744,-689.024318,-246.848811
1766059908.844765,-3993.691589,-689.931234,-248.040343
1766059908.864765,-3993.969227,-688.770932,-247.657432
1766059908.884765,-3993.977707,-689.179140,-246.839719
1766059908.904766,-3994.259595,-687.373634,-246.726542
1766059908.924766,-3993.912433,-689.231701,-247.753199
1766059908.944766,-3994.093485,-688.149721,-247.281379
1766059908.964766,-3993.934324,-688.907291,-247.499559
1766059908.984766,-3993.750478,-689.566391,-248.122646
1766059909.004766,-3994.050749,-688.351495,-247.219306
1766059909.024765,-3993.952311,-688.580274,-249.081699
1766059909.044765,-3994.156781,-688.293298,-247.098125
1766059909.064765,-3994.127903,-688.405897,-246.240239
1766059909.084765,-3993.998713,-689.059440,-246.656661
1766059909.104765,-3994.027339,-688.321820,-248.211155
1766059909.124765,-3994.384106,-687.348518,-245.545988
1766059909.144766,-3994.063391,-688.353890,-248.126784
1766059909.164766,-3994.357657,-687.513335,-245.762838
1766059909.184766,-3993.962243,-689.260368,-247.574994
1766059909.204766,-3993.950343,-689.532945,-247.435994
1766059909.224766,-3993.931823,-689.202013,-247.447249
1766059909.244766,-3993.728550,-690.453521,-247.223594
1766059909.264766,-3994.223010,-687.988834,-247.069074
1766059909.284765,-3993.974428,-690.170665,-245.151272
1766059909.304765,-3993.758663,-689.986271,-248.190273
1766059909.324765,-3994.066393,-688.141386,-247.474342
1766059909.344765,-3993.797842,-690.013165,-248.132807
1766059909.364765,-3993.660324,-690.029090,-248.973124
1766059909.384765,-3993.749332,-689.031523,-250.332087
1766059909.404766,-3994.106718,-688.157201,-248.165281
1766059909.424766,-3994.393180,-687.443428,-246.517854
1766059909.444766,-3993.743555,-690.708173,-246.141796
1766059909.464766,-3993.890942,-689.309856,-247.502829
1766059909.484766,-3993.974406,-688.529931,-248.275716
1766059909.504766,-3993.709927,-690.403077,-247.186672
1766059909.524765,-3994.106960,-688.285292,-247.094810
1766059909.544765,-3994.097892,-688.385293,-247.184651
1766059909.564765,-3994.341298,-687.585976,-246.552016
1766059909.584765,-3994.281028,-687.780788,-246.284755
1766059909.604765,-3994.248753,-687.536090,-247.479126
1766059909.624765,-3993.915683,-689.440247,-247.529327
1766059909.644766,-3994.070560,-688.804968,-247.250328
1766059909.664766,-3994.100540,-688.656578,-247.105977
1766059909.684766,-3994.398332,-686.562859,-248.137673
1766059909.704766,-3994.360807,-687.676826,-245.639917
1766059909.724766,-3993.822111,-689.461356,-248.555634
1766059909.744766,-3994.059334,-688.499566,-247.957824
1766059909.764766,-3994.218323,-688.178908,-246.156582
1766059909.784765,-3994.079782,-688.611914,-247.052102
1766059909.804765,-3994.642778,-685.399976,-246.727413
1766059909.824765,-3994.159283,-687.763061,-247.493884
1766059909.844765,-3994.124172,-688.722075,-246.187989
1766059909.864765,-3994.081531,-688.366191,-247.325893
1766059909.884765,-3993.831525,-689.901181,-247.196432
1766059909.904766,-3994.327766,-687.253789,-246.560933
1766059909.924766,-3994.059792,-688.397133,-248.078687
1766059909.944766,-3994.205814,-688.233882,-246.049380
1766059909.964766,-3994.223190,-688.368583,-246.019032
1766059909.984766,-3993.674403,-690.472040,-248.076988
1766059910.004766,-3993.747492,-690.320430,-246.957648
1766059910.024765,-3994.245508,-687.460755,-247.511185
1766059910.044765,-3993.952178,-688.389527,-248.826519
1766059910.064765,-3994.244337,-687.744009,-246.559492
1766059910.084765,-3994.163403,-688.236524,-246.818201
1766059910.104765,-3994.261250,-687.597514,-247.306755
1766059910.124765,-3994.021815,-688.248143,-248.916703
1766059910.144766,-3993.875222,-689.623285,-246.645111
1766059910.164766,-3994.364679,-687.289815,-246.676736
1766059910.184766,-3993.993166,-688.684054,-247.923741
1766059910.204766,-3994.466549,-686.985209,-245.627277
1766059910.224766,-3993.782479,-690.530614,-246.213321
1766059910.244766,-3994.199844,-688.501469,-245.294842
1766059910.264766,-3993.943835,-689.284261,-247.583541
1766059910.284765,-3993.895418,-689.362611,-247.796183
1766059910.304765,-3994.059959,-688.775010,-246.904309
1766059910.324765,-3994.132194,-688.189220,-247.288627
1766059910.344765,-3994.472533,-686.355481,-246.931177
1766059910.364765,-3994.195924,-688.016039,-247.201285
1766059910.384765,-3993.931153,-688.859671,-248.180079
1766059910.404766,-3993.794874,-690.112224,-247.276397
1766059910.424766,-3994.101892,-687.987108,-247.933277
1766059910.444766,-3994.129469,-688.753445,-247.140986
1766059910.464766,-3993.889961,-690.239679,-246.236703
1766059910.484766,-3994.161186,-688.071174,-247.902044
1766059910.504766,-3993.979892,-689.430708,-246.716081
1766059910.524765,-3994.091301,-689.077681,-246.689050
1766059910.544765,-3994.272609,-688.060689,-246.928026
1766059910.564765,-3994.214351,-689.383499,-244.768479
1766059910.584765,-3994.444643,-687.210416,-246.631051
1766059910.604765,-3994.039478,-689.317053,-246.597191
1766059910.624765,-3994.139761,-688.021213,-247.970417
1766059910.644766,-3993.763612,-689.639741,-248.736758
1766059910.664766,-3994.291672,-687.545230,-246.822667
1766059910.684766,-3993.925568,-688.538178,-248.830693
1766059910.704766,-3994.388670,-687.251417,-246.530395
1766059910.724766,-3994.377509,-687.489035,-246.475947
1766059910.744766,-3993.853243,-690.263849,-247.110345
1766059910.764766,-3994.407107,-687.205343,-246.472515
1766059910.784765,-3994.382141,-687.094269,-246.636968
1766059910.804765,-3994.131505,-688.361231,-246.035989
1766059910.824765,-3994.318602,-688.083600,-245.109009
1766059910.844765,-3994.330258,-687.634465,-246.439235
1766059910.864765,-3994.074348,-688.634182,-247.941126
1766059910.884765,-3994.051093,-688.607244,-247.175639
1766059910.904766,-3994.002453,-689.033060,-246.688540
1766059910.924766,-3993.936236,-689.300853,-246.758817
1766059910.944766,-3994.145865,-688.666997,-246.367147
1766059910.964766,-3993.972789,-689.575860,-246.809299
1766059910.984766,-3994.179563,-687.550489,-248.584955
1766059911.004766,-3994.231262,-687.397977,-247.547935
1766059911.024765,-3993.810067,-689.998301,-247.133169
1766059911.044765,-3993.916977,-689.060230,-247.688385
1766059911.064765,-3993.850989,-689.826720,-246.986090
1766059911.084765,-3993.714514,-690.374731,-248.099838
1766059911.104765,-3993.895931,-689.703578,-247.161745
1766059911.124765,-3994.453993,-686.564398,-247.161491
1766059911.144766,-3993.956211,-688.992588,-248.564700
1766059911.164766,-3993.972637,-688.557595,-248.018186
1766059911.184766,-3993.908541,-689.470181,-246.806834
1766059911.204766,-3993.893214,-690.096681,-245.502712
1766059911.224766,-3993.927637,-688.663163,-248.484423
1766059911.244766,-3994.202170,-688.406925,-247.115291
1766059911.264766,-3993.895781,-689.375855,-247.664576
1766059911.284765,-3994.030337,-689.333872,-245.718188
1766059911.304765,-3993.851442,-690.245629,-246.115736
1766059911.324765,-3993.800453,-690.448585,-246.376528
1766059911.344765,-3994.081393,-689.533781,-244.766312
1766059911.364765,-3993.938095,-689.571591,-246.627876
1766059911.384765,-3993.976891,-689.148392,-247.570505
1766059911.404766,-3993.843109,-690.383267,-246.160493
1766059911.424766,-3993.992495,-688.475580,-248.132448
1766059911.444766,-3993.921434,-689.162615,-247.532244
1766059911.464766,-3993.595135,-690.748376,-248.547354
1766059911.484766,-3994.262638,-687.571656,-246.699586
1766059911.504766,-3993.862744,-689.977485,-246.955764
1766059911.524765,-3993.802839,-690.090309,-247.349669
1766059911.544765,-3993.634891,-690.050866,-249.258754
1766059911.564765,-3993.935996,-689.183848,-247.616290
1766059911.584765,-3993.627465,-691.037468,-246.734338
1766059911.604765,-3994.197517,-688.223811,-246.360485
1766059911.624765,-3993.874557,-689.430341,-247.611899
1766059911.644766,-3993.732041,-690.618030,-247.273200
1766059911.664766,-3993.771598,-690.160301,-247.264259
1766059911.684766,-3993.432572,-691.630030,-248.726512
1766059911.704766,-3993.851387,-689.736825,-246.852107
1766059911.724766,-3993.856730,-690.305557,-246.212701
1766059911.744766,-3993.792332,-689.316020,-249.622765
1766059911.764766,-3994.049482,-688.900518,-246.608102
1766059911.784765,-3993.932232,-689.848840,-246.115859
1766059911.804765,-3993.965745,-689.001890,-247.620170
1766059911.824765,-3993.911769,-688.945209,-247.592468
1766059911.844765,-3994.288659,-687.166013,-246.627404
1766059911.864765,-3993.969318,-689.199479,-246.776907
1766059911.884765,-3994.100308,-688.925827,-246.692381
1766059911.904766,-3994.214585,-688.280346,-246.236723
1766059911.924766,-3994.108243,-688.363336,-246.818459
1766059911.944766,-3994.083165,-689.313048,-244.824192
1766059911.964766,-3993.809612,-689.978555,-247.301905
1766059911.984766,-3993.592234,-690.944893,-247.568146
1766059912.004766,-3993.960937,-689.353519,-247.611469
1766059912.024765,-3994.237996,-688.730459,-245.313459
1766059912.044765,-3993.732964,-690.185659,-248.082838
1766059912.064765,-3994.154877,-688.273646,-247.350571
1766059912.084765,-3994.145543,-688.354828,-247.196803
1766059912.104765,-3993.745146,-690.349707,-247.228748
1766059912.124765,-3994.162252,-688.021084,-247.153027
1766059912.144766,-3994.498181,-686.178545,-247.886654
1766059912.164766,-3994.215449,-688.203417,-247.130395
1766059912.184766,-3993.634616,-691.481233,-246.653369
1766059912.204766,-3994.337397,-686.979714,-247.508460
1766059912.224766,-3993.638269,-690.826401,-248.529414
1766059912.244766,-3994.003190,-689.032833,-246.606976
1766059912.264766,-3993.988084,-690.032519,-245.314482
1766059912.284765,-3994.114247,-688.394765,-248.029255
1766059912.304765,-3994.276399,-688.324586,-245.131574
1766059912.324765,-3993.986721,-689.005822,-246.673037
1766059912.344765,-3993.970768,-688.959618,-247.685865
1766059912.364765,-3993.817684,-690.314279,-247.228590
1766059912.384765,-3993.813929,-690.073952,-248.055553
1766059912.404766,-3994.209241,-687.778683,-248.045519
1766059912.424766,-3994.093579,-689.233455,-246.770871
1766059912.444766,-3994.216235,-688.252568,-246.067146
1766059912.464766,-3993.597477,-691.134951,-248.402428
1766059912.484766,-3994.284152,-688.122362,-245.956181
1766059912.504766,-3994.311717,-687.624711,-246.799235
1766059912.524765,-3994.152795,-688.333782,-247.227680
1766059912.544765,-3994.425625,-687.156661,-246.465459
1766059912.564765,-3994.156241,-688.127517,-247.959376
1766059912.584765,-3994.205588,-688.640907,-247.014514
1766059912.604765,-3994.188532,-688.493241,-246.347459
1766059912.624765,-3994.157161,-688.640433,-245.943281
1766059912.644766,-3994.039181,-689.165148,-246.630722
1766059912.664766,-3994.013712,-688.498765,-249.019761
1766059912.684766,-3993.893427,-689.731347,-246.677110
1766059912.704766,-3994.152838,-688.527119,-247.175419
1766059912.724766,-3994.068570,-688.190739,-247.122844
1766059912.744766,-3993.916734,-689.544119,-246.760624
1766059912.764766,-3994.427748,-686.976319,-245.468602
1766059912.784765,-3994.380334,-687.814399,-245.706740
1766059912.804765,-3994.031530,-689.024428,-247.578435
1766059912.824765,-3994.134662,-688.209550,-247.998053
1766059912.844765,-3994.002925,-688.982191,-247.384267
1766059912.864765,-3994.034180,-688.253972,-247.890594
1766059912.884765,-3993.833205,-689.501007,-247.694370
1766059912.904766,-3993.996754,-689.010864,-246.650961
1766059912.924766,-3994.030296,-689.431953,-245.785446
1766059912.944766,-3993.833013,-689.503072,-248.502761
1766059912.964766,-3993.846979,-689.801804,-247.361647
1766059912.984766,-3994.005292,-688.937624,-246.665844
1766059913.004766,-3993.887309,-689.136652,-247.649190
1766059913.024765,-3993.953402,-689.307369,-246.795331
1766059913.044765,-3994.065943,-688.201942,-247.967638
1766059913.064765,-3993.907521,-689.040162,-248.662661
1766059913.084765,-3994.099393,-689.003666,-245.673011
1766059913.104765,-3994.217422,-687.285073,-247.545434
1766059913.124765,-3994.096424,-688.189929,-247.359181
1766059913.144766,-3993.929584,-689.903529,-245.210795
1766059913.164766,-3994.037616,-688.368051,-248.197753
1766059913.184766,-3993.932264,-688.916403,-247.820840
1766059913.204766,-3994.037611,-688.324568,-248.006905
1766059913.224766,-3993.866565,-689.219332,-248.627607
1766059913.244766,-3994.360926,-687.232715,-245.695679
1766059913.264766,-3993.721384,-690.186388,-247.864112
1766059913.284765,-3993.759549,-690.404835,-247.271752
1766059913.304765,-3993.904403,-689.318119,-247.679015
1766059913.324765,-3994.088921,-688.386140,-247.032142
1766059913.344765,-3994.204033,-688.758712,-245.200339
1766059913.364765,-3994.263029,-688.222913,-245.317738
1766059913.384765,-3993.985271,-689.246442,-246.746863
1766059913.404766,-3994.017498,-689.324127,-246.447734
1766059913.424766,-3994.301355,-687.328501,-246.599464
1766059913.444766,-3993.888013,-690.213196,-246.382698
1766059913.464766,-3994.390629,-687.750670,-246.639291
1766059913.484766,-3994.683753,-687.720897,-245.575001
1766059913.504766,-3994.962730,-688.020046,-244.216561
1766059913.524765,-3994.256342,-690.438937,-246.739018
1766059913.544765,-3993.839714,-689.786238,-246.392784
1766059913.564765,-3992.785787,-689.510153,-246.397389
1766059913.584765,-3991.069825,-689.462301,-246.241094
1766059913.604765,-3988.870420,-690.680491,-246.567641
1766059913.624765,-3986.938792,-686.515170,-248.206610
1766059913.644766,-3984.554097,-685.640069,-246.353891
1766059913.664766,-3981.962393,-684.940758,-246.408715
1766059913.684766,-3979.441001,-682.981336,-247.491321
1766059913.704766,-3976.205944,-683.600724,-248.823677
1766059913.724766,-3973.034620,-680.105512,-250.262486
1766059913.744766,-3969.002726,-678.236444,-250.996329
1766059913.764766,-3964.184864,-676.112886,-250.338875
1766059913.784765,-3958.452249,-673.512476,-252.196049
1766059913.804765,-3951.728213,-671.848491,-254.365427
1766059913.824765,-3944.762019,-668.878135,-257.854193
1766059913.844765,-3937.662735,-665.698510,-257.305994
1766059913.864765,-3929.887235,-661.171207,-261.612532
1766059913.884765,-3920.856689,-660.868180,-264.995449
1766059913.904766,-3912.230784,-655.543572,-267.177158
1766059913.924766,-3903.383354,-651.544636,-269.705907
1766059913.944766,-3896.329317,-645.341250,-269.360790
1766059913.964766,-3890.398622,-644.582727,-273.004768
1766059913.984766,-3886.981547,-644.255949,-272.178931
1766059914.004766,-3883.861584,-644.583192,-273.820685
1766059914.024765,-3881.514408,-646.762840,-273.517733
1766059914.044765,-3880.302918,-648.137746,-273.793954
1766059914.064765,-3879.937541,-649.296543,-274.330035
1766059914.084765,-3880.121597,-649.700410,-276.036888
1766059914.104765,-3880.160023,-648.760526,-274.605611
1766059914.124765,-3878.934115,-651.093165,-274.108428
1766059914.144766,-3878.827568,-649.256095,-273.595622
1766059914.164766,-3878.989470,-648.641532,-274.317119
1766059914.184766,-3879.530412,-647.840679,-274.927569
1766059914.204766,-3880.430237,-646.371942,-273.276396
1766059914.224766,-3881.859423,-643.926768,-274.592752
1766059914.244766,-3883.185845,-645.346678,-273.131250
1766059914.264766,-3883.609196,-647.993124,-273.151978
1766059914.284765,-3884.126067,-647.916835,-271.797167
1766059914.304765,-3884.506537,-647.320796,-272.020192
1766059914.324765,-3884.722022,-648.800288,-271.123996
1766059914.344765,-3884.514555,-650.240823,-271.634415
1766059914.364765,-3884.374143,-650.638553,-271.587197
1766059914.384765,-3884.668340,-648.557644,-272.881551
1766059914.404766,-3883.913843,-652.380282,-272.740499
1766059914.424766,-3883.433543,-650.577193,-274.053414
1766059914.444766,-3882.185881,-650.658949,-272.259227
1766059914.464766,-3880.549561,-648.084264,-273.703224
1766059914.484766,-3878.293550,-647.329420,-274.466123
1766059914.504766,-3876.762276,-647.201139,-273.323294
1766059914.524765,-3876.006337,-648.205899,-274.353828
1766059914.544765,-3876.351714,-647.568776,-273.557966
1766059914.564765,-3876.792310,-647.599818,-275.515903
1766059914.584765,-3877.245406,-651.653349,-273.804372
1766059914.604765,-3878.162322,-652.179439,-273.412401
1766059914.624765,-3878.751047,-652.828794,-274.533513
1766059914.644766,-3878.728525,-654.737669,-273.858836
1766059914.664766,-3878.551527,-655.143065,-273.466024
1766059914.684766,-3878.057355,-655.445961,-273.703565
1766059914.704766,-3877.113594,-657.724962,-274.856616
1766059914.724766,-3876.542656,-658.100947,-273.447380
1766059914.744766,-3875.998547,-657.004664,-272.874558
1766059914.764766,-3875.110610,-658.896646,-273.981239
1766059914.784765,-3874.810876,-658.844515,-274.697810
1766059914.804765,-3874.405265,-660.318631,-273.027938
1766059914.824765,-3873.791243,-661.662643,-276.551609
1766059914.844765,-3874.093409,-662.346216,-273.861149
1766059914.864765,-3874.000449,-666.444443,-274.406856
1766059914.884765,-3874.681731,-669.033898,-274.995175
1766059914.904766,-3875.379983,-672.503310,-274.224804
1766059914.924766,-3876.145632,-674.441753,-274.815598
1766059914.944766,-3876.601240,-678.218009,-274.799640
1766059914.964766,-3877.182597,-681.485122,-274.163392
1766059914.984766,-3877.512623,-685.866586,-274.901053
1766059915.004766,-3878.551786,-686.963016,-273.875731
1766059915.024765,-3878.794974,-691.098696,-272.999439
1766059915.044765,-3879.283270,-692.787160,-274.553532
1766059915.064765,-3880.086682,-693.700798,-274.592989
1766059915.084765,-3881.011727,-695.959455,-274.047488
1766059915.104765,-3882.007098,-698.009539,-273.074030
1766059915.124765,-3883.089178,-698.954198,-275.172302
1766059915.144766,-3884.230973,-702.015031,-272.517274
1766059915.164766,-3885.346266,-704.515449,-273.673568
1766059915.184766,-3887.371594,-703.399722,-273.094728
1766059915.204766,-3888.308283,-707.794194,-272.002038
1766059915.224766,-3889.415001,-709.494660,-272.327825
1766059915.244766,-3889.106652,-714.821646,-271.954984
1766059915.264766,-3888.828053,-716.596584,-272.265737
1766059915.284765,-3887.946277,-718.735962,-272.734241
1766059915.304765,-3885.845415,-725.291971,-273.036862
1766059915.324765,-3883.975748,-726.785118,-273.632006
1766059915.344765,-3881.813901,-730.584232,-274.201767
1766059915.364765,-3879.336026,-734.730703,-275.075677
1766059915.384765,-3877.276721,-738.635924,-273.980771
1766059915.404766,-3874.891635,-744.719096,-277.654339
1766059915.424766,-3873.892162,-746.882535,-276.902442
1766059915.444766,-3872.483999,-750.795933,-278.887802
1766059915.464766,-3871.061261,-753.221511,-277.143432
1766059915.484766,-3868.662798,-757.231306,-277.177764
1766059915.504766,-3866.346135,-759.827890,-277.039988
1766059915.524765,-3863.075035,-765.830120,-278.057921
1766059915.544765,-3859.801982,-768.950558,-280.340847
1766059915.564765,-3856.190151,-774.653230,-281.440769
1766059915.584765,-3852.758636,-779.701852,-280.548049
1766059915.604765,-3849.073632,-784.151350,-282.873960
1766059915.624765,-3845.593352,-786.485968,-283.356413
1766059915.644766,-3841.585125,-789.996141,-285.744348
1766059915.664766,-3837.245389,-796.318484,-285.764017
1766059915.684766,-3833.258292,-801.308519,-285.776735
1766059915.704766,-3828.260356,-807.977950,-290.736989
1766059915.724766,-3823.584062,-813.949736,-290.137899
1766059915.744766,-3819.037041,-818.334243,-291.810073
1766059915.764766,-3813.749862,-825.767408,-293.277709
1766059915.784765,-3809.636097,-830.185229,-293.138892
1766059915.804765,-3805.156980,-835.746654,-294.774788
1766059915.824765,-3801.444859,-839.683287,-295.275117
1766059915.844765,-3797.717697,-843.616227,-296.526984
1766059915.864765,-3794.586750,-847.105911,-297.035179
1766059915.884765,-3792.528702,-848.408909,-298.223672
1766059915.904766,-3789.836384,-852.581002,-300.459808
1766059915.924766,-3788.444885,-853.436825,-299.314075
1766059915.944766,-3787.390991,-855.301266,-297.765584
1766059915.964766,-3786.725944,-854.711606,-298.879376
1766059915.984766,-3784.904795,-857.951514,-299.550240
1766059916.004766,-3783.466177,-857.307278,-297.457913
1766059916.024765,-3780.764963,-859.117652,-298.306329
1766059916.044765,-3777.846895,-858.364945,-300.605683
1766059916.064765,-3774.253685,-858.650913,-302.264059
1766059916.084765,-3771.128094,-857.056356,-300.979745
1766059916.104765,-3766.453409,-860.292248,-303.608973
1766059916.124765,-3762.169525,-860.091471,-303.150001
1766059916.144766,-3756.848900,-861.559810,-305.309555
1766059916.164766,-3751.431527,-862.436560,-305.805516
1766059916.184766,-3745.644558,-865.862691,-309.060010
1766059916.204766,-3741.593336,-865.295233,-311.566999
1766059916.224766,-3737.888032,-866.826767,-312.925715
1766059916.244766,-3735.875734,-864.180594,-310.261765
1766059916.264766,-3732.796032,-865.187348,-312.360924
1766059916.284765,-3730.701853,-865.635743,-311.519990
1766059916.304765,-3729.608409,-863.398548,-311.466985
1766059916.324765,-3728.532625,-859.394320,-312.960061
1766059916.344765,-3726.131728,-860.300471,-312.796720
1766059916.364765,-3724.917906,-856.624521,-312.686719
1766059916.384765,-3722.624911,-857.319325,-315.404442
1766059916.404766,-3721.563923,-852.528693,-314.065610
1766059916.424766,-3720.227589,-847.839394,-313.728964
1766059916.444766,-3718.878583,-844.291192,-313.944878
1766059916.464766,-3717.942311,-841.162735,-315.770872
1766059916.484766,-3717.174872,-838.658842,-316.179102
1766059916.504766,-3716.340156,-835.604861,-314.849986
1766059916.524765,-3715.181104,-831.964572,-316.587622
1766059916.544765,-3713.772102,-829.954692,-315.772869
1766059916.564765,-3713.004841,-825.376661,-316.687996
1766059916.584765,-3712.338218,-822.445534,-316.179748
1766059916.604765,-3711.472230,-819.715541,-318.798830
1766059916.624765,-3711.302523,-816.388308,-317.482225
1766059916.644766,-3711.300622,-814.279462,-315.265266
1766059916.664766,-3711.405554,-811.123903,-316.953513
1766059916.684766,-3711.604463,-808.910944,-315.853554
1766059916.704766,-3711.904578,-805.960776,-315.065856
1766059916.724766,-3711.129115,-804.174353,-314.846691
1766059916.744766,-3709.756383,-800.319797,-315.478123
1766059916.764766,-3706.863038,-797.488245,-317.901942
1766059916.784765,-3703.891091,-794.498264,-316.719682
1766059916.804765,-3700.704998,-789.791766,-317.665334
1766059916.824765,-3696.681981,-787.506780,-318.903037
1766059916.844765,-3693.594196,-781.028968,-320.310002
1766059916.864765,-3690.084414,-777.537978,-321.463998
1766059916.884765,-3687.629760,-770.948300,-322.474722
1766059916.904766,-3684.531797,-769.724742,-322.586310
1766059916.924766,-3682.035887,-767.424605,-323.470682
1766059916.944766,-3680.360420,-761.921281,-323.038862
1766059916.964766,-3677.251156,-761.400986,-324.541895
1766059916.984766,-3674.993040,-755.747815,-324.277532
1766059917.004766,-3671.835115,-753.315606,-325.297829
1766059917.024765,-3669.038900,-748.790737,-325.167588
1766059917.044765,-3665.316990,-746.447999,-324.974514
1766059917.064765,-3661.196840,-742.352362,-326.725284
1766059917.084765,-3656.154351,-739.857251,-327.809928
1766059917.104765,-3651.487819,-734.817767,-327.595409
1766059917.124765,-3646.779826,-729.682737,-327.990761
1766059917.144766,-3642.614749,-724.558253,-328.991214
1766059917.164766,-3638.620690,-720.059551,-332.101318
1766059917.184766,-3635.282772,-715.873812,-333.391871
1766059917.204766,-3632.647067,-710.620622,-333.146666
1766059917.224766,-3630.064029,-707.749756,-332.920100
1766059917.244766,-3627.908396,-703.776066,-334.966715
1766059917.264766,-3625.801183,-701.324341,-334.065064
1766059917.284765,-3624.373202,-697.134136,-333.718608
1766059917.304765,-3622.960354,-693.768793,-334.894965
1766059917.324765,-3620.741070,-692.304507,-335.898400
1766059917.344765,-3619.786049,-685.133518,-333.651950
1766059917.364765,-3617.770205,-683.968163,-334.553518
1766059917.384765,-3616.782566,-678.311661,-336.633609
1766059917.404766,-3615.638713,-674.739470,-336.228527
1766059917.424766,-3614.004693,-672.522960,-337.201525
1766059917.444766,-3613.962265,-665.959127,-335.182201
1766059917.464766,-3612.601441,-663.012526,-338.209148
1766059917.484766,-3611.775364,-659.154174,-336.605329
1766059917.504766,-3610.919669,-654.066033,-335.692909
1766059917.524765,-3610.069774,-648.779268,-337.883894
1766059917.544765,-3609.174551,-644.339762,-339.001240
1766059917.564765,-3608.098364,-642.776474,-337.852770
1766059917.584765,-3607.620003,-638.192082,-337.502201
1766059917.604765,-3607.053689,-633.884199,-337.862891
1766059917.624765,-3606.224640,-631.519325,-336.305675
1766059917.644766,-3605.628773,-627.686058,-336.560287
1766059917.664766,-3606.151210,-619.008374,-336.256712
1766059917.684766,-3605.609169,-615.842643,-336.765635
1766059917.704766,-3605.127995,-613.143943,-336.794634
1766059917.724766,-3604.112567,-612.119330,-337.157072
1766059917.744766,-3604.088256,-605.974005,-336.261593
1766059917.764766,-3604.325013,-597.137201,-334.122657
1766059917.784765,-3603.269029,-594.071028,-335.147858
1766059917.804765,-3602.015663,-590.298025,-336.791598
1766059917.824765,-3601.195790,-582.883034,-338.080182
1766059917.844765,-3599.919888,-578.533827,-339.097421
1766059917.864765,-3599.244182,-573.022637,-339.913446
1766059917.884765,-3598.835630,-569.111742,-337.182388
1766059917.904766,-3598.326394,-564.095743,-338.464353
1766059917.924766,-3598.359272,-558.997300,-338.340189
1766059917.944766,-3598.296193,-554.204582,-338.459975
1766059917.964766,-3598.473226,-550.936206,-337.697543
1766059917.984766,-3599.261263,-545.372163,-337.674369
1766059918.004766,-3599.706776,-540.934000,-337.250284
1766059918.024765,-3599.976074,-537.555849,-336.553297
1766059918.044765,-3600.214237,-533.313757,-337.421288
1766059918.064765,-3600.979326,-528.089687,-336.609144
1766059918.084765,-3601.411003,-524.547507,-336.742025
1766059918.104765,-3601.401613,-522.775116,-337.863478
1766059918.124765,-3602.422990,-517.212143,-334.724568
1766059918.144766,-3602.904374,-511.579866,-336.397591
1766059918.164766,-3603.800210,-505.584458,-336.620839
1766059918.184766,-3604.617854,-499.902001,-336.682680
1766059918.204766,-3605.723597,-494.217271,-334.343832
1766059918.224766,-3606.705752,-489.235580,-334.969441
1766059918.244766,-3607.488942,-486.417085,-334.184440
1766059918.264766,-3608.893145,-480.879187,-333.361677
1766059918.284765,-3609.965326,-475.726811,-335.406697
1766059918.304765,-3611.098994,-472.160290,-333.124220
1766059918.324765,-3612.925023,-464.338297,-332.981986
1766059918.344765,-3614.107813,-463.452720,-332.363523
1766059918.364765,-3615.813528,-457.798402,-331.270196
1766059918.384765,-3617.046768,-453.745750,-333.166211
1766059918.404766,-3618.749999,-450.292033,-330.348484
1766059918.424766,-3620.819189,-443.918453,-329.982914
1766059918.444766,-3622.335417,-440.542806,-330.209790
1766059918.464766,-3624.544366,-432.237427,-328.253409
1766059918.484766,-3626.244853,-429.451176,-327.447453
1766059918.504766,-3628.027407,-423.330565,-327.978820
1766059918.524765,-3629.365459,-420.124812,-328.430857
1766059918.544765,-3631.062047,-416.044541,-327.764014
1766059918.564765,-3633.353265,-410.318263,-326.655287
1766059918.584765,-3635.179835,-408.103899,-327.618611
1766059918.604765,-3637.799165,-401.731816,-326.094981
1766059918.624765,-3640.270380,-398.027611,-325.852965
1766059918.644766,-3642.468442,-394.972229,-323.779518
1766059918.664766,-3644.969056,-387.671801,-324.352373
1766059918.684766,-3647.134188,-384.308486,-323.687268
1766059918.704766,-3649.467855,-380.606556,-321.890171
1766059918.724766,-3651.389111,-376.517960,-323.491247
1766059918.744766,-3653.741750,-372.222741,-320.549669
1766059918.764766,-3655.962327,-368.090684,-321.452717
1766059918.784765,-3658.533625,-363.578900,-319.438090
1766059918.804765,-3660.749574,-358.126146,-320.527822
1766059918.824765,-3663.417906,-353.142237,-318.698084
1766059918.844765,-3666.051530,-350.227693,-318.437108
1766059918.864765,-3668.728879,-347.035381,-316.564865
1766059918.884765,-3671.279042,-343.748082,-317.008699
1766059918.904766,-3674.157992,-338.408202,-316.471763
1766059918.924766,-3676.841265,-335.521049,-316.071233
1766059918.944766,-3679.729641,-331.318143,-313.976271
1766059918.964766,-3682.616734,-327.154144,-313.627640
1766059918.984766,-3685.704750,-322.797070,-314.234695
1766059919.004766,-3688.578790,-320.218222,-311.463102
1766059919.024765,-3691.243192,-314.686856,-311.525040
1766059919.044765,-3693.641629,-314.161656,-312.080724
1766059919.064765,-3697.263092,-308.727328,-308.713793
1766059919.084765,-3700.523695,-305.475646,-309.014966
1766059919.104765,-3704.137909,-301.014537,-308.715899
1766059919.124765,-3707.846518,-299.237013,-305.996251
1766059919.144766,-3711.287740,-293.633088,-306.495115
1766059919.164766,-3714.672562,-289.774433,-306.487560
1766059919.184766,-3718.126234,-288.505222,-306.071803
1766059919.204766,-3721.804965,-285.175411,-305.786458
1766059919.224766,-3725.353096,-282.295170,-303.381911
1766059919.244766,-3728.848838,-278.573651,-303.644567
1766059919.264766,-3732.347824,-273.301470,-304.130567
1766059919.284765,-3736.177710,-270.274557,-300.444183
1766059919.304765,-3739.966671,-266.578507,-299.287535
1766059919.324765,-3744.146907,-263.106106,-298.575172
1766059919.344765,-3748.017065,-259.680186,-297.740747
1766059919.364765,-3751.735700,-256.905497,-297.616158
1766059919.384765,-3755.829387,-251.626130,-294.517861
1766059919.404766,-3759.780610,-249.616520,-295.559191
1766059919.424766,-3764.078655,-245.270995,-294.909534
1766059919.444766,-3768.273977,-243.616079,-293.009189
1766059919.464766,-3772.298256,-238.232214,-291.994569
1766059919.484766,-3775.866626,-235.801407,-291.673369
1766059919.504766,-3779.814569,-231.338428,-289.247025
1766059919.524765,-3783.695989,-228.315332,-289.112588
1766059919.544765,-3787.842971,-225.040189,-288.797258
1766059919.564765,-3792.128333,-221.575303,-287.659008
1766059919.584765,-3796.424491,-219.052229,-285.346866
1766059919.604765,-3800.844153,-217.011787,-284.072777
1766059919.624765,-3805.172041,-210.729344,-284.274704
1766059919.644766,-3809.150673,-209.575079,-284.819508
1766059919.664766,-3812.976760,-209.239498,-282.588949
1766059919.684766,-3817.094023,-204.722592,-280.913070
1766059919.704766,-3821.366109,-200.736655,-279.403494
1766059919.724766,-3825.339869,-197.463960,-281.829727
1766059919.744766,-3829.837318,-195.534251,-276.741696
1766059919.764766,-3833.750914,-193.599266,-276.387043
1766059919.784765,-3837.886021,-190.540512,-275.996739
1766059919.804765,-3842.402003,-186.358097,-271.427092
1766059919.824765,-3846.412428,-183.164351,-274.578895
1766059919.844765,-3850.569938,-182.677440,-271.909146
1766059919.864765,-3854.715729,-182.125198,-269.727237
1766059919.884765,-3859.084223,-176.830433,-269.909425
1766059919.904766,-3863.520255,-174.160663,-269.696537
1766059919.924766,-3868.469126,-171.292279,-266.365146
1766059919.944766,-3873.104174,-169.321713,-265.078049
1766059919.964766,-3877.558880,-165.076308,-266.902284
1766059919.984766,-3882.284997,-161.407364,-264.292579
1766059920.004766,-3887.074655,-157.189276,-263.167828
1766059920.024765,-3892.274924,-155.594505,-260.067424
1766059920.044765,-3897.922582,-148.007204,-259.382643
1766059920.064765,-3903.880593,-142.472230,-259.477628
1766059920.084765,-3909.634795,-140.391111,-258.415955
1766059920.104765,-3915.256816,-136.398917,-256.704019
1766059920.124765,-3920.370870,-134.118233,-254.404175
1766059920.144766,-3925.266399,-129.746122,-253.688552
1766059920.164766,-3929.853313,-127.182072,-252.776712
1766059920.184766,-3934.683171,-122.076351,-248.942223
1766059920.204766,-3939.307270,-116.261602,-249.424015
1766059920.224766,-3943.605635,-117.412922,-249.421789
1766059920.244766,-3948.187234,-112.567765,-247.820799
1766059920.264766,-3952.799212,-110.761864,-246.821054
1766059920.284765,-3957.349617,-106.005358,-246.861786
1766059920.304765,-3961.888134,-101.129371,-243.987049
1766059920.324765,-3966.217724,-98.554660,-241.418073
1766059920.344765,-3970.202197,-95.001237,-242.341574
1766059920.364765,-3974.381660,-93.242081,-240.324911
1766059920.384765,-3978.640777,-88.891906,-239.485874
1766059920.404766,-3983.361468,-83.152783,-238.420829
1766059920.424766,-3988.144747,-80.594172,-237.723975
1766059920.444766,-3993.503544,-78.051642,-234.201923
1766059920.464766,-3998.770570,-73.697535,-234.468742
1766059920.484766,-4003.909448,-72.407968,-233.415388
1766059920.504766,-4009.178504,-66.458570,-230.484703
1766059920.524765,-4014.211202,-62.895315,-231.062891
1766059920.544765,-4019.430680,-59.520676,-229.187424
1766059920.564765,-4024.766635,-53.138857,-228.599191
1766059920.584765,-4030.040542,-52.239124,-225.632405
1766059920.604765,-4034.995308,-48.257029,-226.322256
1766059920.624765,-4039.836150,-43.516527,-223.901605
1766059920.644766,-4044.766932,-38.942215,-221.737234
1766059920.664766,-4049.483317,-35.213232,-222.016886
1766059920.684766,-4053.921562,-33.043588,-220.700570
1766059920.704766,-4057.658449,-25.732051,-220.195342
1766059920.724766,-4060.685958,-24.897073,-220.410883
1766059920.744766,-4063.362665,-20.050977,-218.957665
1766059920.764766,-4065.859882,-18.232516,-218.338176
1766059920.784765,-4068.711926,-15.112406,-217.186988
1766059920.804765,-4072.086224,-9.644595,-216.999932
1766059920.824765,-4075.847314,-7.282031,-215.402388
1766059920.844765,-4079.885659,-2.739413,-213.721218
1766059920.864765,-4084.018876,-0.585751,-212.662575
1766059920.884765,-4087.822384,4.249380,-212.037188
1766059920.904766,-4091.207434,10.831565,-214.082723
1766059920.924766,-4094.992627,12.623745,-213.177679
1766059920.944766,-4099.078134,21.069362,-210.724639
1766059920.964766,-4102.743416,20.626038,-209.599933
1766059920.984766,-4106.222885,25.434132,-208.669552
1766059921.004766,-4109.170622,27.840355,-208.788489
1766059921.024765,-4112.402804,32.075501,-205.049324
1766059921.044765,-4115.376235,36.113262,-205.503673
1766059921.064765,-4118.083260,40.583674,-205.574423
1766059921.084765,-4120.732328,46.353304,-204.557361
1766059921.104765,-4123.025218,49.491527,-202.989295
1766059921.124765,-4125.374711,52.596932,-205.233509
1766059921.144766,-4127.808764,58.702028,-203.171354
1766059921.164766,-4130.368256,62.342202,-202.833173
1766059921.184766,-4132.760546,69.070372,-201.588245
1766059921.204766,-4135.536460,69.772623,-198.663159
1766059921.224766,-4137.829380,76.674707,-202.413773
1766059921.244766,-4140.618449,81.608717,-198.539190
1766059921.264766,-4142.863041,84.294277,-200.362191
1766059921.284765,-4145.397058,88.751488,-196.980055
1766059921.304765,-4147.659057,92.976163,-196.552776
1766059921.324765,-4150.075577,95.270250,-195.029127
1766059921.344765,-4152.335845,102.107571,-194.360918
1766059921.364765,-4154.845169,104.862868,-193.485828
1766059921.384765,-4157.450147,109.393101,-193.354627
1766059921.404766,-4160.403873,113.990358,-194.104699
1766059921.424766,-4163.780620,118.313125,-193.698645
1766059921.444766,-4167.391961,122.393367,-192.554000
1766059921.464766,-4170.752688,130.565725,-191.892120
1766059921.484766,-4173.969487,132.697883,-190.917217
1766059921.504766,-4176.711696,140.477306,-190.494599
1766059921.524765,-4179.400479,145.337554,-189.443168
1766059921.544765,-4181.977671,149.891138,-188.779888
1766059921.564765,-4184.664234,153.731368,-187.553267
1766059921.584765,-4186.998195,156.096627,-188.016486
1766059921.604765,-4189.258475,164.812348,-187.539719
1766059921.624765,-4191.677068,166.829011,-185.946562
1766059921.644766,-4193.840858,171.625367,-185.919743
1766059921.664766,-4196.071319,175.637908,-187.472594
1766059921.684766,-4198.604255,182.625129,-183.727108
1766059921.704766,-4201.215569,184.551143,-182.341802
1766059921.724766,-4203.617961,189.905454,-183.280891
1766059921.744766,-4206.022898,195.650254,-183.950188
1766059921.764766,-4208.310387,199.174730,-183.623935
1766059921.784765,-4210.243884,206.447997,-181.482900
1766059921.804765,-4212.551697,209.696532,-178.209602
1766059921.824765,-4214.804344,213.589786,-180.196254
1766059921.844765,-4217.389046,217.659392,-179.104676
1766059921.864765,-4219.989249,223.797486,-179.367167
1766059921.884765,-4222.574164,228.735636,-176.861285
1766059921.904766,-4224.848433,235.210524,-178.639280
1766059921.924766,-4227.213850,241.172930,-175.700313
1766059921.944766,-4229.703270,244.770245,-175.105377
1766059921.964766,-4231.985642,250.144060,-174.281322
1766059921.984766,-4233.998594,252.376916,-176.160597
1766059922.004766,-4235.832630,261.635542,-172.216677
1766059922.024765,-4237.893704,264.948502,-172.922826
1766059922.044765,-4239.968466,270.139222,-173.148448
1766059922.064765,-4242.119463,272.966018,-172.967937
1766059922.084765,-4243.979321,281.179326,-169.481481
1766059922.104765,-4245.991870,284.153740,-170.210372
1766059922.124765,-4247.688428,291.887779,-171.874426
1766059922.144766,-4250.049225,294.943705,-170.452177
1766059922.164766,-4251.936009,301.571824,-169.996829
1766059922.184766,-4254.005967,305.505167,-170.100518
1766059922.204766,-4256.055983,309.538274,-169.320971
1766059922.224766,-4257.902451,315.523664,-168.103217
1766059922.244766,-4259.637222,321.739486,-167.053569
1766059922.264766,-4261.402672,325.784765,-166.907600
1766059922.284765,-4263.071471,330.333050,-166.538111
1766059922.304765,-4264.993048,335.718124,-165.362564
1766059922.324765,-4266.928993,341.434136,-164.689054
1766059922.344765,-4269.191959,344.011807,-164.440222
1766059922.364765,-4270.649022,353.587167,-163.455966
1766059922.384765,-4272.354439,356.100552,-164.906897
1766059922.404766,-4274.113976,361.395805,-164.193970
1766059922.424766,-4276.018575,367.721800,-161.974503
1766059922.444766,-4277.834701,371.058525,-162.230719
1766059922.464766,-4279.422108,376.549086,-161.685958
1766059922.484766,-4281.356166,381.292940,-160.310454
1766059922.504766,-4282.748844,387.493230,-161.315210
1766059922.524765,-4284.263650,393.777639,-160.583670
1766059922.544765,-4285.665995,399.096962,-160.451452
1766059922.564765,-4287.175997,404.394696,-159.950796
1766059922.584765,-4288.830505,411.386913,-160.122364
1766059922.604765,-4291.499731,414.843132,-157.943949
1766059922.624765,-4294.193731,421.484249,-158.461756
1766059922.644766,-4296.665825,429.024868,-158.955969
1766059922.664766,-4299.299719,436.476768,-157.567321
1766059922.684766,-4302.280148,438.403260,-156.967348
1766059922.704766,-4304.521629,446.457455,-156.503316
1766059922.724766,-4307.171299,450.859476,-154.280942
1766059922.744766,-4309.415554,456.623538,-153.465816
1766059922.764766,-4311.409856,462.374497,-153.674930
1766059922.784765,-4313.334195,469.365385,-151.540202
1766059922.804765,-4315.355080,475.161609,-149.401233
1766059922.824765,-4317.379698,478.582592,-151.063571
1766059922.844765,-4319.282519,484.842184,-150.946479
1766059922.864765,-4320.930138,493.027952,-149.336537
1766059922.884765,-4322.771907,498.771044,-148.160297
1766059922.904766,-4324.421104,505.166602,-149.164826
1766059922.924766,-4326.283780,511.051731,-149.637530
1766059922.944766,-4328.305805,515.887463,-147.473971
1766059922.964766,-4330.298104,522.188737,-146.587685
1766059922.984766,-4332.064234,528.021142,-148.212309
1766059923.004766,-4334.702347,530.377014,-145.735338
1766059923.024765,-4336.177487,539.397863,-144.601561
1766059923.044765,-4338.445251,543.999889,-142.563303
1766059923.064765,-4339.900563,551.861511,-143.852802
1766059923.084765,-4342.017892,555.514808,-142.408969
1766059923.104765,-4343.968249,561.820608,-140.352472
1766059923.124765,-4345.884000,566.746225,-142.362833
1766059923.144766,-4348.144824,573.043587,-140.768292
1766059923.164766,-4350.771591,577.705279,-139.620682
1766059923.184766,-4352.556514,585.609483,-139.551677
1766059923.204766,-4355.360108,588.368764,-137.319649
1766059923.224766,-4357.419101,595.075494,-135.858037
1766059923.244766,-4359.231212,600.418032,-138.837198
1766059923.264766,-4361.189896,608.034656,-134.480174
1766059923.284765,-4363.620127,612.685995,-135.018026
1766059923.304765,-4365.670104,620.227112,-135.299406
1766059923.324765,-4367.901029,626.166847,-134.985578
1766059923.344765,-4369.691644,632.599670,-134.224717
1766059923.364765,-4371.718728,639.071274,-132.315237
1766059923.384765,-4373.852421,642.189956,-131.565000
1766059923.404766,-4375.986951,650.056823,-133.416348
1766059923.424766,-4378.346516,656.683941,-132.647196
1766059923.444766,-4381.129032,661.624480,-130.159033
1766059923.464766,-4383.752291,667.329749,-130.299054
1766059923.484766,-4385.673050,673.278377,-130.743059
1766059923.504766,-4387.360579,681.207790,-129.528335
1766059923.524765,-4390.349189,682.123898,-127.850113
1766059923.544765,-4391.837592,691.589205,-127.788556
1766059923.564765,-4394.436843,695.810141,-126.670297
1766059923.584765,-4396.055959,702.906303,-126.339488
1766059923.604765,-4397.954616,709.301335,-127.881478
1766059923.624765,-4399.776534,715.612564,-126.220168
1766059923.644766,-4401.779269,721.126042,-124.793795
1766059923.664766,-4404.067912,727.609665,-124.114289
1766059923.684766,-4406.370291,733.534204,-125.131565
1766059923.704766,-4408.641503,740.185443,-123.008323
1766059923.724766,-4410.752180,746.883824,-123.401514
1766059923.744766,-4412.598481,752.592805,-121.966383
1766059923.764766,-4414.769561,758.534903,-122.356332
1766059923.784765,-4416.802418,764.161090,-121.030294
1766059923.804765,-4418.779539,769.863950,-122.248959
1766059923.824765,-4421.273094,773.444428,-120.766357
1766059923.844765,-4422.824356,777.774359,-121.617044
1766059923.864765,-4423.732202,784.128181,-119.654353
1766059923.884765,-4425.720059,785.449766,-119.450514
1766059923.904766,-4427.975603,789.286064,-119.546829
1766059923.924766,-4430.122575,797.220332,-117.684318
1766059923.944766,-4432.623488,802.884519,-116.196579
1766059923.964766,-4435.725048,806.415059,-117.160348
1766059923.984766,-4439.166159,810.227284,-115.623226
1766059924.004766,-4442.632710,812.330740,-114.713939
1766059924.024765,-4445.986242,816.501581,-113.584821
1766059924.044765,-4449.242451,820.419769,-114.091918
1766059924.064765,-4452.188519,825.937677,-110.566705
1766059924.084765,-4455.894625,826.871608,-109.412616
1766059924.104765,-4458.670263,830.971094,-110.458997
1766059924.124765,-4461.787681,832.726392,-112.120041
1766059924.144766,-4464.851301,833.817385,-106.994734
1766059924.164766,-4467.428587,837.917315,-107.847713
1766059924.184766,-4470.608041,839.301970,-110.937951
1766059924.204766,-4473.801266,842.185551,-108.083977
1766059924.224766,-4477.198863,845.056319,-103.788404
1766059924.244766,-4480.572944,848.182460,-105.587323
1766059924.264766,-4484.834867,849.403353,-104.678835
1766059924.284765,-4489.360376,850.433442,-104.573641
1766059924.304765,-4492.368463,858.635643,-99.280466
1766059924.324765,-4496.272222,860.007665,-99.101337
1766059924.344765,-4499.864033,860.558866,-97.803635
1766059924.364765,-4503.126488,862.791548,-100.292932
1766059924.384765,-4506.906036,864.474142,-99.914699
1766059924.404766,-4511.273367,864.796605,-96.726920
1766059924.424766,-4514.980089,868.172207,-97.468588
1766059924.444766,-4519.482209,867.291811,-95.790897
1766059924.464766,-4523.393382,869.096931,-96.129665
1766059924.484766,-4526.887306,873.198232,-93.447664
1766059924.504766,-4531.226806,874.307473,-94.833760
1766059924.524765,-4535.289245,876.061058,-94.914643
1766059924.544765,-4539.257734,877.486288,-92.155956
1766059924.564765,-4542.717959,878.810173,-92.092881
1766059924.584765,-4546.275836,881.389676,-90.408542
1766059924.604765,-4550.758584,881.335930,-87.807029
1766059924.624765,-4555.271941,883.956655,-86.709049
1766059924.644766,-4560.105340,884.231398,-88.226486
1766059924.664766,-4564.225107,886.489156,-85.562193
1766059924.684766,-4568.721387,886.456071,-84.652361
1766059924.704766,-4573.216944,886.095329,-84.181050
1766059924.724766,-4577.502572,887.346691,-84.277236
1766059924.744766,-4581.931927,888.992317,-81.044588
1766059924.764766,-4586.946823,886.898258,-80.934804
1766059924.784765,-4591.175428,888.505607,-80.463753
1766059924.804765,-4595.861225,886.950158,-76.129641
1766059924.824765,-4600.040206,888.128864,-77.653432
1766059924.844765,-4604.371304,888.186130,-74.586065
1766059924.864765,-4608.483465,887.552043,-75.728888
1766059924.884765,-4612.779051,888.191356,-74.350755
1766059924.904766,-4616.898252,889.097128,-72.053566
1766059924.924766,-4621.349561,888.106071,-71.491502
1766059924.944766,-4625.700054,887.702530,-70.589250
1766059924.964766,-4629.996109,887.312578,-73.818778
1766059924.984766,-4634.974143,884.929723,-68.554283
1766059925.004766,-4639.140893,886.146589,-69.017104
1766059925.024765,-4643.639487,885.245765,-66.590791
1766059925.044765,-4648.244681,882.122934,-64.077214
1766059925.064765,-4651.807157,882.344509,-64.727543
1766059925.084765,-4654.709759,883.369350,-63.594913
1766059925.104765,-4658.329910,881.524182,-61.681526
1766059925.124765,-4661.852685,880.299292,-63.575297
1766059925.144766,-4665.468211,877.706597,-59.751887
1766059925.164766,-4668.823718,877.369066,-60.688951
1766059925.184766,-4672.650684,874.749197,-58.991189
1766059925.204766,-4675.825920,875.646052,-57.724878
1766059925.224766,-4679.182382,872.605999,-58.072965
1766059925.244766,-4682.234821,870.393486,-55.150954
1766059925.264766,-4685.322529,868.030821,-56.068604
1766059925.284765,-4688.109309,866.350466,-57.178425
1766059925.304765,-4690.662593,866.471171,-53.849168
1766059925.324765,-4694.040329,861.948239,-53.943475
1766059925.344765,-4697.043585,858.245583,-54.938525
1766059925.364765,-4699.981574,855.726496,-53.528316
1766059925.384765,-4702.797211,854.330432,-51.363645
1766059925.404766,-4705.962087,852.362691,-52.039915
1766059925.424766,-4709.047941,849.297285,-48.761452
1766059925.444766,-4712.520465,843.407609,-49.361106
1766059925.464766,-4715.077420,843.595454,-49.213941
1766059925.484766,-4719.099017,836.950195,-49.811317
1766059925.504766,-4722.704752,834.058786,-49.106072
1766059925.524765,-4726.173062,831.031706,-46.503656
1766059925.544765,-4729.298150,828.074248,-47.264614
1766059925.564765,-4732.532869,819.901373,-45.213724
1766059925.584765,-4734.471969,820.324518,-45.611414
1766059925.604765,-4737.739368,814.141092,-44.924882
1766059925.624765,-4739.798235,814.362828,-43.608463
1766059925.644766,-4743.040948,808.369935,-45.144554
1766059925.664766,-4745.342387,806.446800,-41.875573
1766059925.684766,-4747.861358,804.723927,-43.464983
1766059925.704766,-4750.628783,799.359453,-42.321329
1766059925.724766,-4753.253841,794.180586,-41.489203
1766059925.744766,-4754.899997,794.684590,-40.509090
1766059925.764766,-4756.864589,791.372598,-39.296149
1766059925.784765,-4758.771902,787.573089,-41.286991
1766059925.804765,-4760.669368,784.778284,-42.767883
1766059925.824765,-4763.031723,779.076576,-39.817686
1766059925.844765,-4765.193736,774.747823,-39.289257
1766059925.864765,-4767.086811,773.371127,-38.917806
1766059925.884765,-4769.807210,766.198835,-37.535457
1766059925.904766,-4771.858333,763.272007,-37.778719
1766059925.924766,-4774.038052,757.604362,-36.429848
1766059925.944766,-4776.175879,753.017452,-35.142635
1766059925.964766,-4777.890191,750.769620,-38.187713
1766059925.984766,-4779.835882,745.075639,-34.315069
1766059926.004766,-4781.589759,740.530866,-34.745393
1766059926.024765,-4782.909159,736.782013,-35.548556
1766059926.044765,-4783.850622,732.988639,-34.754698
1766059926.064765,-4784.883797,727.646646,-31.751264
1766059926.084765,-4785.254536,724.722659,-34.812752
1766059926.104765,-4785.976779,720.065935,-31.295516
1766059926.124765,-4786.495568,715.955293,-32.418135
1766059926.144766,-4786.863633,715.532490,-32.310855
1766059926.164766,-4787.418017,707.003065,-33.129613
1766059926.184766,-4787.111962,705.392807,-33.662556
1766059926.204766,-4787.423032,699.482108,-34.539321
1766059926.224766,-4788.137190,692.232176,-34.714866
1766059926.244766,-4787.805164,691.259563,-32.607829
1766059926.264766,-4788.187597,686.131320,-33.258868
1766059926.284765,-4788.809342,680.706975,-33.949459
1766059926.304765,-4788.531191,677.561063,-32.626436
1766059926.324765,-4788.235069,674.094873,-31.808968
1766059926.344765,-4788.329066,668.031129,-33.509647
1766059926.364765,-4787.940029,663.445077,-35.841171
1766059926.384765,-4787.613041,655.815195,-36.881942
1766059926.404766,-4786.820235,652.709604,-34.367714
1766059926.424766,-4786.340697,647.850987,-33.542597
1766059926.444766,-4785.951792,642.875357,-36.527407
1766059926.464766,-4785.369695,638.445652,-37.149133
1766059926.484766,-4784.593538,633.404950,-34.545511
1766059926.504766,-4783.843753,628.894396,-36.250593
1766059926.524765,-4783.376481,624.388261,-35.301600
1766059926.544765,-4782.958171,619.364013,-33.976428
1766059926.564765,-4782.474062,615.683475,-34.170334
1766059926.584765,-4781.757030,612.091074,-35.055009
1766059926.604765,-4781.459059,606.995311,-36.587214
1766059926.624765,-4781.372671,602.804648,-36.433389
1766059926.644766,-4781.009962,598.284070,-35.964080
1766059926.664766,-4780.967291,590.620602,-39.254637
1766059926.684766,-4780.071495,585.372809,-38.250704
1766059926.704766,-4779.945202,579.260135,-37.445500
1766059926.724766,-4778.766795,576.317606,-38.068813
1766059926.744766,-4778.092836,571.086005,-40.039230
1766059926.764766,-4776.612364,569.966326,-37.821590
1766059926.784765,-4776.041454,561.351893,-39.711428
1766059926.804765,-4774.729827,558.175879,-38.493988
1766059926.824765,-4773.021202,555.885633,-39.201214
1766059926.844765,-4772.466149,546.794634,-39.579445
1766059926.864765,-4770.437351,545.486874,-39.389629
1766059926.884765,-4769.228720,539.263766,-40.114671
1766059926.904766,-4767.748476,534.644070,-40.842645
1766059926.924766,-4766.085294,531.723806,-45.898276
1766059926.944766,-4764.950004,526.329295,-44.457465
1766059926.964766,-4763.696336,522.253849,-45.125798
1766059926.984766,-4762.640959,516.815811,-42.591970
1766059927.004766,-4761.164517,512.779987,-43.524207
1766059927.024765,-4759.260893,508.328874,-45.892927
1766059927.044765,-4757.120590,502.883191,-46.114470
1766059927.064765,-4755.048771,497.535841,-45.910301
1766059927.084765,-4752.637135,496.113746,-47.587279
1766059927.104765,-4750.421095,489.599770,-48.918506
1766059927.124765,-4748.065748,482.751055,-49.313494
1766059927.144766,-4745.974859,478.292485,-47.880156
1766059927.164766,-4743.778844,474.693800,-50.216335
1766059927.184766,-4741.318822,469.969935,-51.904828
1766059927.204766,-4738.608251,467.729353,-50.875129
1766059927.224766,-4736.524345,462.993281,-50.596636
1766059927.244766,-4734.035361,460.465060,-51.152163
1766059927.264766,-4732.220262,454.117934,-52.532539
1766059927.284765,-4730.397429,448.903248,-51.557587
1766059927.304765,-4728.041445,445.539409,-53.246206
1766059927.324765,-4725.755135,439.934081,-54.327134
1766059927.344765,-4723.181468,436.256036,-53.950330
1766059927.364765,-4720.894315,427.519224,-55.995542
1766059927.384765,-4718.338757,421.506932,-55.613737
1766059927.404766,-4715.793293,419.372399,-58.127053
1766059927.424766,-4714.338517,408.806435,-57.386589
1766059927.444766,-4712.058379,405.096074,-59.348946
1766059927.464766,-4710.011205,399.163131,-60.183130
1766059927.484766,-4707.567444,396.653729,-60.680483
1766059927.504766,-4705.442351,389.685545,-58.384473
1766059927.524765,-4702.549550,386.038026,-62.110623
1766059927.544765,-4699.933123,377.646945,-60.002322
1766059927.564765,-4696.808425,374.298064,-62.359753
1766059927.584765,-4693.772165,375.162022,-64.657889
1766059927.604765,-4691.669143,367.798081,-64.820259
1766059927.624765,-4689.171885,363.385277,-64.019656
1766059927.644766,-4686.612120,360.200039,-63.590507
1766059927.664766,-4684.093628,356.767165,-63.431199
1766059927.684766,-4681.611080,350.172783,-65.112482
1766059927.704766,-4679.195227,342.955276,-66.200197
1766059927.724766,-4676.286758,341.106815,-68.860165
1766059927.744766,-4673.701732,337.293666,-69.831551
1766059927.764766,-4670.931547,335.579019,-69.161892
1766059927.784765,-4667.982120,330.747960,-70.190026
1766059927.804765,-4664.852057,325.715286,-70.611953
1766059927.824765,-4661.285265,322.320808,-71.473575
1766059927.844765,-4657.403825,319.370577,-71.866805
1766059927.864765,-4654.017882,314.097718,-74.173628
1766059927.884765,-4651.012285,311.520604,-74.072564
1766059927.904766,-4648.164171,307.525522,-75.389242
1766059927.924766,-4645.184498,300.954466,-78.314165
1766059927.944766,-4641.900164,296.355276,-76.147599
1766059927.964766,-4638.553141,293.371062,-77.391449
1766059927.984766,-4635.395411,289.714286,-78.374578
1766059928.004766,-4632.176379,284.643578,-79.829388
1766059928.024765,-4628.797878,281.862623,-81.217564
1766059928.044765,-4625.092873,280.148199,-81.879436
1766059928.064765,-4621.500195,276.514306,-81.996334
1766059928.084765,-4617.956003,271.978587,-83.469993
1766059928.104765,-4614.753034,264.992739,-83.455612
1766059928.124765,-4610.998024,264.858671,-86.844731
1766059928.144766,-4607.443340,261.759742,-85.021484
1766059928.164766,-4603.583721,258.379002,-86.780193
1766059928.184766,-4599.789774,257.144537,-88.801026
1766059928.204766,-4596.562652,250.231114,-89.501095
1766059928.224766,-4593.003447,246.837258,-89.967671
1766059928.244766,-4589.544650,241.409673,-88.626669
1766059928.264766,-4585.488806,239.837183,-93.096404
1766059928.284765,-4581.679401,236.145779,-93.210239
1766059928.304765,-4577.671105,234.553867,-95.856844
1766059928.324765,-4573.741815,229.245747,-96.232212
1766059928.344765,-4569.785714,223.278910,-95.538927
1766059928.364765,-4565.250290,218.968501,-96.609400
1766059928.384765,-4560.553988,213.359021,-99.607232
1766059928.404766,-4555.839196,209.619663,-101.030882
1766059928.424766,-4551.681669,203.952689,-98.895178
1766059928.444766,-4547.340707,198.761460,-100.353861
1766059928.464766,-4543.413355,192.673760,-103.497385
1766059928.484766,-4539.682783,190.483700,-102.474483
1766059928.504766,-4535.818289,186.657423,-103.955284
1766059928.524765,-4531.772263,182.168210,-105.196319
1766059928.544765,-4527.577306,179.029586,-106.744135
1766059928.564765,-4523.392321,173.704340,-105.403074
1766059928.584765,-4519.064913,170.353646,-106.035075
1766059928.604765,-4515.031363,163.944814,-109.483929
1766059928.624765,-4511.178639,160.270749,-108.276181
1766059928.644766,-4507.137224,153.183137,-111.014084
1766059928.664766,-4502.903175,150.158421,-112.082540
1766059928.684766,-4499.009286,145.939838,-113.257808
1766059928.704766,-4495.288314,140.529952,-114.313162
1766059928.724766,-4491.782391,135.402465,-114.764249
1766059928.744766,-4487.839616,134.473856,-116.371727
1766059928.764766,-4483.824225,127.322708,-116.731184
1766059928.784765,-4479.306490,125.089981,-119.224397
1766059928.804765,-4475.094477,118.878878,-121.363514
1766059928.824765,-4470.959434,114.270267,-121.618616
1766059928.844765,-4466.976739,110.617420,-120.903649
1766059928.864765,-4463.064567,104.010102,-121.986417
1766059928.884765,-4459.058562,98.593403,-124.169929
1766059928.904766,-4455.250605,95.804491,-123.521825
1766059928.924766,-4451.359208,91.591033,-123.580306
1766059928.944766,-4447.231237,86.991338,-125.537689
1766059928.964766,-4443.086364,83.270298,-127.361359
1766059928.984766,-4439.078163,78.607083,-128.155284
1766059929.004766,-4434.947878,74.877362,-129.053203
1766059929.024765,-4430.636322,70.407548,-131.351097
1766059929.044765,-4426.290923,66.098752,-131.230360
1766059929.064765,-4422.033605,60.829559,-130.917190
1766059929.084765,-4417.994876,57.620414,-133.838002
1766059929.104765,-4414.059392,52.891693,-133.793780
1766059929.124765,-4410.140873,47.091572,-135.547478
1766059929.144766,-4406.013018,45.195602,-137.465706
1766059929.164766,-4402.178682,38.265457,-138.181177
1766059929.184766,-4398.340493,34.474992,-137.159638
1766059929.204766,-4394.572855,29.933252,-138.368112
1766059929.224766,-4390.630785,24.250936,-138.633892
1766059929.244766,-4386.422170,21.784733,-142.320530
1766059929.264766,-4382.358585,16.666487,-144.056292
1766059929.284765,-4378.335322,10.753396,-143.061501
1766059929.304765,-4373.860304,7.703678,-145.352763
1766059929.324765,-4369.466550,4.510805,-146.542180
1766059929.344765,-4365.278677,-0.201275,-150.807755
1766059929.364765,-4361.552318,-2.904367,-148.084277
1766059929.384765,-4357.627508,-11.834197,-148.752352
1766059929.404766,-4353.330553,-13.400520,-150.279348
1766059929.424766,-4349.217081,-19.302499,-153.756658
1766059929.444766,-4345.549249,-19.304252,-150.601473
1766059929.464766,-4341.748956,-27.972372,-152.626711
1766059929.484766,-4337.648408,-34.112036,-152.785487
1766059929.504766,-4333.228302,-35.269487,-157.215098
1766059929.524765,-4328.936607,-39.852235,-156.943761
1766059929.544765,-4324.988376,-45.508249,-156.969330
1766059929.564765,-4321.053596,-48.557030,-159.301832
1766059929.584765,-4316.979653,-55.609984,-158.450809
1766059929.604765,-4312.820725,-58.076297,-160.379418
1766059929.624765,-4308.790899,-62.933532,-160.766643
1766059929.644766,-4304.860176,-68.805475,-161.329880
1766059929.664766,-4300.765057,-72.009091,-164.729645
1766059929.684766,-4296.530170,-77.025074,-166.033204
1766059929.704766,-4292.295832,-84.925040,-167.150741
1766059929.724766,-4288.314179,-88.364015,-166.900404
1766059929.744766,-4284.213357,-91.843620,-167.305555
1766059929.764766,-4279.605263,-99.505385,-170.166742
1766059929.784765,-4275.429745,-103.961736,-169.798426
1766059929.804765,-4271.511127,-107.185278,-170.879863
1766059929.824765,-4267.636134,-109.993050,-173.096443
1766059929.844765,-4263.536663,-113.120864,-172.951063
1766059929.864765,-4259.082881,-120.742971,-173.954711
1766059929.884765,-4254.804627,-123.712215,-174.928342
1766059929.904766,-4250.492827,-130.050681,-177.069166
1766059929.924766,-4246.320277,-131.850414,-178.029309
1766059929.944766,-4242.287218,-137.230934,-179.535599
1766059929.964766,-4238.722207,-142.067570,-178.960438
1766059929.984766,-4235.510952,-146.061274,-182.345276
1766059930.004766,-4232.789440,-145.538939,-181.259672
1766059930.024765,-4229.712395,-148.538209,-182.145067
1766059930.044765,-4226.141938,-148.111581,-181.724494
1766059930.064765,-4221.962181,-150.550927,-182.509343
1766059930.084765,-4217.869835,-151.212814,-186.406387
1766059930.104765,-4214.094088,-152.970907,-189.178225
1766059930.124765,-4210.369831,-154.111163,-186.084590
1766059930.144766,-4206.154873,-153.968558,-186.364509
1766059930.164766,-4201.651611,-156.601832,-187.016243
1766059930.184766,-4197.107695,-159.562484,-189.978763
1766059930.204766,-4192.906129,-161.018628,-190.605698
1766059930.224766,-4188.868160,-161.963395,-190.244387
1766059930.244766,-4185.117599,-161.812593,-191.593216
1766059930.264766,-4181.666483,-162.236322,-191.093748
1766059930.284765,-4178.047381,-163.065235,-194.698433
1766059930.304765,-4174.393751,-166.083232,-195.677122
1766059930.324765,-4170.690022,-163.753438,-194.148994
1766059930.344765,-4166.440817,-166.493323,-196.168933
1766059930.364765,-4162.536037,-163.646730,-199.301715
1766059930.384765,-4158.439494,-166.973523,-199.233727
1766059930.404766,-4154.522573,-165.979930,-199.441120
1766059930.424766,-4150.546478,-166.276417,-201.142813
1766059930.444766,-4146.956541,-166.693901,-200.694602
1766059930.464766,-4143.232508,-166.043059,-201.018051
1766059930.484766,-4138.559992,-167.886188,-203.671289
1766059930.504766,-4133.548293,-169.160916,-203.791378
1766059930.524765,-4127.948898,-170.748583,-205.639956
1766059930.544765,-4122.068703,-171.711120,-208.198936
1766059930.564765,-4116.233831,-173.390899,-208.500318
1766059930.584765,-4110.053980,-177.867822,-209.747022
1766059930.604765,-4103.829332,-179.335186,-211.126301
1766059930.624765,-4097.412971,-183.549325,-215.491027
1766059930.644766,-4091.118270,-180.818886,-215.519803
1766059930.664766,-4084.573609,-186.018298,-216.440009
1766059930.684766,-4077.978620,-189.794079,-218.033497
1766059930.704766,-4071.562700,-192.544075,-218.650567
1766059930.724766,-4065.059339,-194.040776,-222.577237
1766059930.744766,-4059.013056,-197.930654,-222.132164
1766059930.764766,-4052.952760,-200.494430,-224.985758
1766059930.784765,-4047.122776,-200.308973,-226.580034
1766059930.804765,-4041.567503,-202.110957,-226.202949
1766059930.824765,-4035.740350,-205.512042,-228.901243
1766059930.844765,-4030.274519,-205.573497,-229.554902
1766059930.864765,-4024.513686,-207.909888,-229.890626
1766059930.884765,-4018.435459,-212.806943,-233.241625
1766059930.904766,-4013.139590,-212.908950,-234.117784
1766059930.924766,-4008.004810,-215.802574,-235.693662
1766059930.944766,-4002.934968,-218.783408,-235.591220
1766059930.964766,-3997.845607,-216.911118,-235.801903
1766059930.984766,-3992.062766,-221.382428,-239.427662
1766059931.004766,-3986.697881,-222.821517,-240.493065
1766059931.024765,-3981.232634,-227.632799,-241.310632
1766059931.044765,-3975.407929,-229.293112,-243.410022
1766059931.064765,-3969.344550,-231.967717,-244.294529
1766059931.084765,-3963.460240,-231.239854,-245.173230
1766059931.104765,-3957.783067,-233.012684,-244.566285
1766059931.124765,-3951.773643,-238.079269,-248.762550
1766059931.144766,-3946.302253,-237.256444,-249.228166
1766059931.164766,-3940.548001,-240.799329,-251.311716
1766059931.184766,-3934.991042,-241.501522,-252.231358
1766059931.204766,-3929.180125,-244.107029,-253.221230
1766059931.224766,-3923.475275,-246.000422,-255.201382
1766059931.244766,-3917.551013,-247.593879,-256.643578
1766059931.264766,-3911.836680,-249.622694,-258.186746
1766059931.284765,-3905.981228,-250.945237,-261.087070
1766059931.304765,-3900.156949,-253.930014,-260.197610
1766059931.324765,-3894.171922,-254.556398,-262.910736
1766059931.344765,-3887.938656,-258.871770,-264.670808
1766059931.364765,-3882.396044,-259.290121,-265.300865
1766059931.384765,-3877.073345,-258.193266,-266.645837
1766059931.404766,-3871.728776,-259.841094,-269.009583
1766059931.424766,-3866.580361,-264.219830,-267.365496
1766059931.444766,-3861.272898,-265.893732,-267.668682
1766059931.464766,-3855.247817,-268.782329,-273.042064
1766059931.484766,-3849.549449,-270.845851,-273.551856
1766059931.504766,-3843.622412,-273.016171,-275.241593
1766059931.524765,-3838.060573,-273.916683,-274.402730
1766059931.544765,-3832.342873,-277.155583,-278.798632
1766059931.564765,-3827.082721,-277.149441,-278.208761
1766059931.584765,-3821.029076,-279.731603,-280.224159
1766059931.604765,-3814.777409,-282.546758,-279.447328
1766059931.624765,-3808.423430,-285.103049,-282.606651
1766059931.644766,-3802.589104,-286.418445,-284.315667
1766059931.664766,-3797.079399,-288.556359,-287.223317
1766059931.684766,-3791.509332,-293.398593,-287.181325
1766059931.704766,-3785.655036,-296.392910,-289.778253
1766059931.724766,-3780.410600,-294.723489,-290.781632
1766059931.744766,-3774.687627,-298.178036,-291.169994
1766059931.764766,-3768.988263,-302.874524,-293.823010
1766059931.784765,-3763.958111,-301.298010,-294.997508
1766059931.804765,-3758.957831,-304.677056,-296.134075
1766059931.824765,-3754.571693,-306.743784,-295.769176
1766059931.844765,-3749.781334,-309.424588,-299.208166
1766059931.864765,-3745.566649,-311.453947,-299.189065
1766059931.884765,-3741.322943,-311.234817,-300.248354
1766059931.904766,-3736.763133,-314.465704,-298.947405
1766059931.924766,-3732.061884,-314.318590,-300.803431
1766059931.944766,-3726.822097,-319.813120,-303.103581
1766059931.964766,-3721.734406,-320.365534,-305.362848
1766059931.984766,-3716.022823,-326.112282,-307.491000
1766059932.004766,-3711.058613,-326.897745,-307.850610
1766059932.024765,-3705.930478,-328.374828,-308.644719
1766059932.044765,-3700.458262,-332.437288,-310.800719
1766059932.064765,-3695.846656,-331.483814,-310.717679
1766059932.084765,-3690.672300,-337.090591,-312.852337
1766059932.104765,-3686.396547,-337.117430,-313.377650
1766059932.124765,-3682.040888,-341.811638,-314.026179
1766059932.144766,-3678.343362,-345.582255,-314.567965
1766059932.164766,-3674.788807,-346.874109,-315.003001
1766059932.184766,-3670.971867,-350.532188,-317.138628
1766059932.204766,-3667.367990,-352.263254,-318.132283
1766059932.224766,-3664.021795,-355.196077,-318.158601
1766059932.244766,-3660.795180,-358.215886,-319.041007
1766059932.264766,-3657.505468,-362.256251,-319.352744
1766059932.284765,-3654.162710,-366.374254,-322.131263
1766059932.304765,-3651.456149,-367.170897,-321.720093
1766059932.324765,-3648.297319,-371.134386,-322.206941
1766059932.344765,-3644.673839,-376.298136,-322.868333
1766059932.364765,-3641.268647,-378.265054,-321.411156
1766059932.384765,-3637.387538,-382.745923,-324.195186
1766059932.404766,-3634.250182,-386.404633,-324.161206
1766059932.424766,-3631.172558,-387.407279,-325.702025
1766059932.444766,-3627.543165,-390.348907,-328.897178
1766059932.464766,-3624.556266,-393.731382,-327.109835
1766059932.484766,-3621.700237,-395.207819,-329.752609
1766059932.504766,-3618.636681,-402.316906,-330.602903
1766059932.524765,-3616.105244,-406.721474,-329.981229
1766059932.544765,-3614.084057,-408.276263,-330.315748
1766059932.564765,-3611.731613,-412.642576,-332.848706
1766059932.584765,-3609.935705,-416.791618,-331.152975
1766059932.604765,-3607.694292,-421.671295,-333.296525
1766059932.624765,-3605.698981,-425.477635,-334.131354
1766059932.644766,-3604.184331,-425.700739,-333.037737
1766059932.664766,-3601.836413,-432.435648,-334.447707
1766059932.684766,-3599.999692,-433.545460,-336.439303
1766059932.704766,-3597.753820,-439.785833,-334.618385
1766059932.724766,-3596.015060,-441.221720,-334.726931
1766059932.744766,-3594.279164,-446.263657,-335.079119
1766059932.764766,-3592.722695,-450.109280,-335.833777
1766059932.784765,-3590.836189,-454.186661,-337.378819
1766059932.804765,-3589.316029,-458.374296,-336.373545
1766059932.824765,-3587.689946,-461.788378,-338.196967
1766059932.844765,-3586.401089,-466.110912,-337.898273
1766059932.864765,-3585.137060,-469.466968,-337.531822
1766059932.884765,-3583.451760,-475.844590,-339.966353
1766059932.904766,-3582.506478,-480.413042,-338.598564
1766059932.924766,-3581.169369,-484.267658,-341.668442
1766059932.944766,-3580.214128,-487.285663,-339.705847
1766059932.964766,-3578.989671,-490.892161,-340.499941
1766059932.984766,-3577.895369,-495.417864,-340.882914
1766059933.004766,-3576.895741,-500.090937,-340.669176
1766059933.024765,-3576.187834,-502.880588,-341.051614
1766059933.044765,-3575.119987,-508.344610,-340.996684
1766059933.064765,-3574.156497,-511.490642,-343.205484
1766059933.084765,-3573.094029,-519.238735,-343.603146
1766059933.104765,-3573.153135,-521.144355,-344.058126
1766059933.124765,-3572.609337,-527.073023,-343.804885
1766059933.144766,-3572.425043,-530.559678,-343.655100
1766059933.164766,-3571.741048,-535.985368,-344.480023
1766059933.184766,-3571.286115,-542.977079,-343.402681
1766059933.204766,-3571.477138,-544.589116,-344.879325
1766059933.224766,-3571.551304,-548.949682,-344.709037
1766059933.244766,-3571.383475,-553.672501,-344.236488
1766059933.264766,-3571.418400,-557.701575,-344.667063
1766059933.284765,-3571.841355,-560.728344,-343.487306
1766059933.304765,-3571.859662,-563.656278,-344.203733
1766059933.324765,-3571.699753,-569.584798,-344.317584
1766059933.344765,-3571.975440,-573.352511,-344.389448
1766059933.364765,-3572.579068,-576.213177,-345.073198
1766059933.384765,-3572.637683,-582.475317,-345.075758
1766059933.404766,-3573.132614,-586.526689,-344.112965
1766059933.424766,-3573.834193,-591.360742,-343.151793
1766059933.444766,-3574.700222,-593.086346,-344.975317
1766059933.464766,-3575.888169,-594.710402,-342.984794
1766059933.484766,-3576.410709,-600.261311,-343.275085
1766059933.504766,-3577.438730,-603.692676,-344.233537
1766059933.524765,-3577.905409,-609.933175,-343.463062
1766059933.544765,-3578.370348,-615.001662,-345.473889
